,lyrics,class
1382,整装待发再赶路 eh,11.0
1383,停止了无尽的反复 eh,11.0
1384,赤裸面对的领悟,11.0
1385,还算及时的醒悟,11.0
1386,放下了残羹冷炙后起身穿过了迷雾,11.0
1387,别在让你对我停止去触碰,11.0
3329,他的房間在最北面 面朝大海,11.0
3330,但是沒有春暖花開,11.0
3331,她的房間在最南端 陽光刺眼,11.0
3332,但是沒有春暖花開,11.0
3333,路過轉角的咖啡店,11.0
3334,想叫停時間 讓舊念倒帶,11.0
3335,去光顧那年再沒回去的唱片店,11.0
3336,貼的海報 一如他們初見,11.0
3567,相信你会陪我到最后风雨同舟,11.0
3568,坚持用力扛起肩上的重担,11.0
3569,夜里灵感在陪伴 像指路的风帆,11.0
3570,尝过失败但别怕  会陪你再起东山,11.0
3571,我说过不会离开因为还没毕露锋芒,11.0
3572,坚挺的胸膛一直以来是前进的证据,11.0
3573,也许你匆忙离开已经不再渴望胜利,11.0
3574,想做到收支平衡 现实却不成正比,11.0
3575,尊重你的每个决定 我不再刨根问底,11.0
3576,谁愿陪我风雨同舟对抗挫败,11.0
3577,揣着梦想不放 乘风破浪漂洋过海,11.0
3578,活在风口浪尖像刀口般的生活,11.0
3579,做着别人不敢做的美国梦生活在中国,11.0
3580,不回头的走  哪怕前方敌众我寡,11.0
3581,在街头摸爬滚打 才是我要的活法,11.0
3582,不在乎百分百付出有几分获得,11.0
3583,像未完待续的使命必定以身作则,11.0
3584,没有人能指引你just go oh ~,11.0
3585,尽情脱离地心引力just go~,11.0
3586,在我的世界已经不用做梦,11.0
3587,再多的言语都不如去行动,11.0
3588,oh my hoe 我们step by step,11.0
3589,尽管前功尽弃一切会白费,11.0
3590,不停工作甚至忘记累不累,11.0
3591,只要你坚信自己做得对,11.0
3592,永远不变的说法我们从未曾拥有,11.0
3593,相信你会陪我到最后风雨同舟,11.0
3594,现实给的巴掌有时候突如其来很痛,11.0
3595,只能强迫自己收起怒火 变得更稳重,11.0
3596,习惯逆境中生存 我必须赚钱养梦,11.0
3597,不想活得不自己生活被物质掌控,11.0
3598,在聚光灯下聆听着音箱里的返送,11.0
3599,感觉整个世界只有这里能留下感动,11.0
3600,要的不止一场梦所以比别人更拼,11.0
3601,失去过的不在乎 因为那都是曾经,11.0
3602,那些离开的前辈致敬你以前流的汗,11.0
3603,我似乎了疲惫 录音到早上六点半,11.0
3604,把握着成败得失 有兄弟们共患难,11.0
3605,这些让我变得强大变得能征惯战,11.0
3606,只想用自己的方式 谱写以后的人生,11.0
3607,彻夜练习的背后  希望美梦能成真,11.0
3608,有用不尽的力量跟命运较劲,11.0
3609,从来都没有离开还在为云南效力,11.0
3610,没有人能指引你just go oh ~,11.0
3611,尽情脱离地心引力just go~,11.0
3612,在我的世界已经不用做梦,11.0
3613,再多的言语都不如去行动,11.0
3614,oh my hoe 我们step by step,11.0
3615,尽管前功尽弃一切会白费,11.0
3616,不停工作甚至忘记累不累,11.0
3617,只要你坚信自己做得对,11.0
3664,你问我知唔知自己喺度做乜,11.0
3665,我净系知道如果我想做就做得,11.0
3666,今时今日仲有边个讲道德,11.0
3667,就算第一次唔成功    So What?,11.0
3668,为什麽自卑,11.0
3669,干麽要后悔 YEAH YEAH,11.0
3670,就算再多挫折我都不认失败,11.0
3671,拜托    不是三岁小孩,11.0
3672,太多    人想看我受害,11.0
3673,帮我    口口声声的说,11.0
3674,到头来结果 还是一场空,11.0
3675,谁说    我不能自己来,11.0
3676,成功    用双手建起来,11.0
3677,掌握    好的机会不多,11.0
3678,这是我的秀 又干麽不做,11.0
3679,为什麽自卑,11.0
3680,干麽要后悔 YEAH YEAH,11.0
3681,就算再多挫折 我都不认失败,11.0
3682,我不会流泪,11.0
3683,没时间后悔 YEAH YEAH,11.0
3684,地上再多血迹 我也得站起来,11.0
3685,同你讲都嘥气    我真系冇咁得闲,11.0
3686,等我好消息    到时你冇得弹,11.0
3687,无谓谂得太多嘥时间,11.0
3688,就算有困难都向前行,11.0
3689,继续向前行 继续向前行,11.0
3805,生命像海浪一样有时高有时低,11.0
3806,你是否告诉自己坚强渡过各种时期,11.0
3807,我从命运的天台放眼却看不到星空,11.0
3808,漆黑的天空压在头顶使我不得轻松,11.0
3809,在我心中 找不到一个安静的角落,11.0
3810,我不能再沈睡下去 良心彷佛在笑我,11.0
3811,老爸他只顾己见 希望之火只见熄灭,11.0
3812,我接起电话是老爸憔悴的声音,11.0
3813,虽没见面却不难想像他当时的神情,11.0
3814,刚听完他最近失业的消息,11.0
3815,脑海里马上浮现祖母的话 警告我一定要争气,11.0
3816,我已经放弃所有哭的理由,11.0
3817,因为我早就习惯冷漠活在无情的现实里头,11.0
3818,人生要如何起头？改变要如何起手？,11.0
3819,当活在泥沼中 要如何才能金盆洗手？,11.0
3820,你可以说我偏执一根筋但我们只要赢,11.0
3821,还给我生命的自由,11.0
3822,赋予我翱翔的天空,11.0
3823,就让我为梦想去战斗,11.0
3824,去看那胜利的彩虹,11.0
3825,赢得最后的光荣,11.0
3826,我的布局就是正在 学着格力,11.0
3827,其实思考者就住在隔壁,11.0
3828,不开门的人永远站在了戈壁,11.0
3829,如果你愿意机会就是握你的手里,11.0
3830,用手中的手机告诉你兄弟,11.0
3831,你最需要的只不过是那确定,11.0
3832,确立自己最需要的那点肯定,11.0
3833,白手起家做起我从东北到了South Side,11.0
3834,我愿做一朵出淤泥而不染的莲花在压迫之中,11.0
3835,仍然能够悄然绽放开花,11.0
3836,我的嘴里镶满金牙所以我吐词成金,11.0
3837,一颗诚心换来今日的背后万马千军,11.0
3838,年轻创新的斗志却被世俗社会无情的击打,11.0
3839,但是仍有一股不屈的力量叫做中国HIP-HOP,11.0
3840,还给我生命的自由,11.0
3841,赋予我翱翔的天空,11.0
3842,就让我为梦想去战斗,11.0
3843,去看那胜利的彩虹,11.0
3844,赢得最后的光荣,11.0
3845,到终点顺路拼我的车,11.0
3846,他们都想要知道谁是满舒克 YJ,11.0
3847,总比hater多几倍的招,11.0
3848,怎么做到别只会问how,11.0
3849,怀才不必怀疑,11.0
3850,不仅只要和你比身高,11.0
3851,听的上瘾我再给你说多一个八,11.0
3852,我们需要 认同你别吝啬多拉上一个他,11.0
3853,我就把说唱当做生命 把音乐当做家,11.0
3854,如果你真的来到FRESHTAPE,11.0
3855,想画面不用咔,11.0
3856,你清楚你的选择谁将带你走向光明,11.0
3857,不同的风格管你MPC还是钢琴,11.0
3858,邀请你也加入变革队伍 敢问你的芳名,11.0
3859,真正的勇士字典里就没有伤停,11.0
3860,so 我会信佛 nigga忏悔你的罪,11.0
3861,告诉我不会再哭装作很酷你不能认输,11.0
3862,hiphop不抛弃你走过的每步,11.0
3863,上当 上谁的当 别再上当,11.0
3864,还给我生命的自由,11.0
3865,赋予我翱翔的天空,11.0
3866,就让我为梦想去战斗,11.0
3867,去看那胜利的彩虹,11.0
3868,赢得最后的光荣,11.0
3869,多少次在泥泞中摔倒,11.0
3870,只有自己站起来,11.0
3871,还能够继续的奔跑,11.0
3872,只听见背后无数人嘲笑,11.0
3873,我还在信仰面前做祷告,11.0
3874,脑海中浮现复活的暗号,11.0
3875,那是心跳随火焰燃烧,11.0
3876,追逐的信仰的直到变成superstar.com,11.0
3877,生存在巅峰或谷底的世界只为着演唱,11.0
3878,当这种精神最后传遍中华的大街小巷,11.0
3879,每个人都能成为世界的英雄,11.0
4181,我很年轻很多弯路还没走过,11.0
4182,有没有忘记发誓要去Hollywood,11.0
4183,如果有唱片公司打扰我,11.0
4184,只能陪你喝茶聊天,11.0
4185,变的商业 ouu,11.0
4186,中国风的 ouu,11.0
4187,你会找不到自己 ouu,11.0
4188,属于我的舞台 i say ouu,11.0
4189,我很年轻很多弯路还没走过,11.0
4190,有没有忘记发誓要去Hollywood,11.0
4191,晓不得 晓不得 晓不得,11.0
4192,多少的努力 你晓不得,11.0
4193,自信和自恋 你晓不得,11.0
4194,得靠你自己 你晓不得,11.0
4195,不懂就别说话 Turn up the radio,11.0
4196,谨此献给这个moment,11.0
4197,不代表哪个战队,11.0
4198,你在电视里面写作业,11.0
4199,属于我的舞台 i say ouu,11.0
4200,我很年轻很多弯路还没走过,11.0
4201,有没有忘记发誓要去Hollywood,11.0
4350,不需要苍白言语,11.0
4351,一字一句拉开间距,11.0
4352,其实都难以言喻,11.0
4353,以怎样的速率前去,11.0
4354,通往你灵魂最深处最蜿蜒的路径,11.0
4355,撕扯着陌生面具,11.0
4356,将所剩的熟悉减去,11.0
4357,扼住咽喉侵入流淌在这瞬息里,11.0
4358,泡沫般的幻象相拥彼此共呼吸,11.0
4359,我们之间的不同,11.0
4360,不是因为外貌,11.0
4361,而是因为我们的记忆,11.0
4362,这些东西只属于我,11.0
4363,也是我独一无二的地方,11.0
4364,可能我身上真的太多的瑕疵,11.0
4365,但是真的无所谓,11.0
4366,我又躺在沙发上面睡着电视搞忘关,11.0
4367,我的回忆需要慢慢体会味道好像烟,11.0
4368,就让往事随风就让它们全部飘上天,11.0
4369,当我打开cd一直在放那些老唱片,11.0
4370,我有时感觉低落有时也会仇恨自己,11.0
4371,我能够凶猛当然我也能够柔情似水,11.0
4372,让我的人生变得刺激就像头文字d,11.0
4373,我经历大起大落现在依然open state,11.0
4374,根本不配太懒惰 我对抗反驳,11.0
4375,你给我一双翅膀就能飞向远处,11.0
4376,被掏空心脏我也依然没啥感觉,11.0
4377,我只想能像钻石一样非常闪烁,11.0
4378,都看似相同但是真的区别多,11.0
4379,和命运有个约会电话已接通,11.0
4380,让上帝做好安排就像机械工,11.0
4381,不只是山珍海味我也喝过西北风,11.0
4382,im perfect 都是因为 im perfect,11.0
4383,我不接受数落 因为im perfect,11.0
4384,让我受尽折磨 因为im perfect,11.0
4385,我独一无二那是因为im perfect,11.0
4386,我在键盘上面打字诉说我的天职,11.0
4387,晚上做的梦白天把他们变成现实,11.0
4388,希望你能懂 不只是看到炫耀钱纸,11.0
4389,而是我们start from button突破阻碍偏执,11.0
4390,但是我的心里有个perfect man,11.0
4391,想要开着飞船全世界去冒险耍的干,11.0
4392,现在我要made you back,11.0
4393,骂我的话很dirty,11.0
4394,但是我从来都不看,11.0
4395,哈,11.0
4396,给我心爱女孩prada money to my mama,11.0
4397,周围的人不幸福你再凶也是假话,11.0
4398,太阳很大summer,11.0
4399,全部为我hands up,11.0
4400,要拿走我们该拿,11.0
4401,hater全都打脸,11.0
4402,用音乐给我寄封信,11.0
4403,成为你我都想要的那种命,11.0
4404,看到我们举个手相信上帝也会follow me,11.0
4405,站在镜子前告诉自己会成为perfect me,11.0
4406,im perfect 都是因为 im perfect,11.0
4407,我不接受数落 因为im perfect,11.0
4408,让我受尽折磨 因为im perfect,11.0
4409,我独一无二那是因为im perfect,11.0
4410,完美的世界一点都不完美,11.0
4411,他在聚光灯下你在欢呼彼此面对,11.0
4412,透过雾的玻璃正在打扰他的视线,11.0
4413,他和你的距离也就在几厘米的之间,11.0
4414,他将自己反锁在了房间你不着急,11.0
4415,他在慢慢学会慢慢明白许多道理,11.0
4416,未来将是属于他的天空等待好戏,11.0
4417,打破人们对他期待打破人们好奇,11.0
4418,路坎坷 绊跤了 怀疑过,11.0
4419,堕落过 杯摔破 放弃吧,11.0
4420,但他说办不到,11.0
4421,不管咋说他在坚持放弃办不到,11.0
4422,他说因为热爱即便路都看不到,11.0
4423,自信专注沈住气的耐心,11.0
4424,飞向天空遨游去看外星,11.0
4425,这是我的一段故事将它写成歌,11.0
4426,二万五千里的长征这才走了好多,11.0
4427,im perfect 都是因为 im perfect,11.0
4428,我不接受数落 因为im perfect,11.0
4429,让我受尽折磨 因为im perfect,11.0
4430,我独一无二那是因为im perfect,11.0
4529,下面有请我的同城好友MC鲜肉,11.0
4530,为大家带来一段走心的节奏,11.0
4531,引爆潜在的热情 燃烧紧绷的神经,11.0
4532,刷一波礼物 斗一盘地主,11.0
4533,今夜我们如家见,11.0
4534,我不是你找的演员,11.0
4535,我是独一无二的我不好意思找错人了抱歉,11.0
4536,不被trap trap 进了trap,11.0
4537,我的片尾曲我自己写我还是戏的导演,11.0
4538,几年以后这个问题将会成为入门者的考点,11.0
4539,我把救命稻草点燃星星之火总有一天可以燎原,11.0
4540,他们总是喜欢问些,11.0
4541,莫名其妙的问题小伙子为啥头发做成泡面,11.0
4542,我有我的路我的hood,11.0
4543,我的父我的母都尊重我你凭啥讨厌,11.0
4544,我的目标只是坚信我自己的信念,11.0
4545,不去在乎外界来的评价褒贬,11.0
4546,看着大江东去浪淘尽,11.0
4547,千古风流人物名单我的名字也在上面,11.0
4548,身边人变了又变 就像住快捷酒店,11.0
4549,网友们还会手贱 我真的精力有限,11.0
4550,没时间牵着狗链指引新人穿针引线,11.0
4551,这是个自由职业圈子就该各抒己见,11.0
7244,上的panda大熊猫,11.0
7245,早上八点去,11.0
7246,每天我身边,11.0
7247,我的快乐都是,11.0
7248,所以我很快乐,11.0
7249,我也没有自豪,11.0
7250,我享受,11.0
7251,对着空调摇头,11.0
7252,我洗澡洗完全,11.0
7253,身都会抹上橄榄油,11.0
7254,但我从不喝酒,11.0
7255,喝酒我会上头,11.0
7256,上头会打乱我,11.0
7257,脑子里排列好的flow,11.0
7258,我想向前走,11.0
7259,理直气壮假装偷偷,11.0
7260,烟灰忘了抖,11.0
7261,趾高气昂满脸羞羞,11.0
7262,是SoSO,11.0
7263,又不是来自非洲,11.0
7264,所以我满脸快乐,11.0
7265,精力充沛精神抖擞,11.0
7266,球鞋搭配装扮,11.0
7267,跟妖艳货相反,11.0
7268,总是低调穿着,11.0
7269,兴趣爱好广泛,11.0
7270,爱吃早中晚餐,11.0
7271,还报名参加,11.0
7272,my homie 赞扬我危险,11.0
7273,懂礼仪,11.0
7274,我打人不打脸,11.0
7275,值得一提,11.0
7276,可能会戳你眼,11.0
7277,友谊第一,11.0
7278,谈和你帮我舔,11.0
7279,我是软在沙发,11.0
7280,上的panda大熊猫,11.0
7281,早上八点去洗脚,11.0
7282,每天我身边随时,11.0
7283,我的快乐都是,11.0
7284,所以我很快乐,11.0
7285,我也没有自豪,11.0
7286,我是软在沙发上,11.0
7287,的panda大熊猫,11.0
7288,早上八点去,11.0
7289,洗脚我要洗全套,11.0
7290,每天我身边随时,11.0
7291,我的快乐都是,11.0
7292,所以我很快乐,11.0
7293,我也没有自豪,11.0
7294,我在上海也有迷妹,11.0
7295,我就是要不,11.0
7296,完你搞不清,11.0
7297,我的价值观符合,11.0
7298,lady为了mulamula,11.0
7299,谁的眼里不是,11.0
7300,塞满钞票,11.0
7301,放话很爽快的,11.0
7302,哥们说是纯洁交友,11.0
7303,一个人在家里high的,11.0
7517,我能保证你整天的心情 perfect,11.0
7518,你的男人只能不停陪你 badtrip,11.0
7519,Wow 还有更多更多本领,11.0
7520,等你按响门铃 wow,11.0
7521,让你感受我的任性,11.0
7522,看心情,11.0
7523,看了看 望远镜,11.0
7524,下座岛屿离我们很近,11.0
7525,听得到 你的 love,11.0
7526,由内而外感到有劲,11.0
7527,太多人都想做海贼王,11.0
7528,宝藏早就被我挖掘,11.0
7529,Ye 躲在乌云密布,11.0
7530,等待击中我的那道闪电,11.0
7531,我很确定我具备了天赋,11.0
7532,从你看我眼神在悄悄改变,11.0
7533,从嫉妒慢慢变成羡慕的狐朋狗友,11.0
7534,对我说了句 bye bye,11.0
7535,响起了闹钟后被我踩扁,11.0
7536,幸运光芒从阳台投进,11.0
7537,新的一天所具备的条件,11.0
7538,仿佛那个电话再也打不通,11.0
7539,独自行走在川流熙攘车水马龙中,11.0
7540,我伸出左手拼了命地想要抓住风,11.0
7541,可最后结局总是那么相似差不多,11.0
7542,就这样前进或者 too many talk,11.0
7543,往伤口上面撒盐无法愈合,11.0
7544,远水解决不了眼前的饥渴,11.0
7545,是如此幸运 的,11.0
7546,初次见面 不止惊喜 我马不停蹄,11.0
7547,把回忆收拾装进行李,11.0
7548,我根本没时间思考,11.0
7549,周围太多都在 pushing me,11.0
7550,机场还有 studio,11.0
7551,成为我的下一个目的地,11.0
7720,Loser拼命抱团 像是幸运挑战,11.0
7721,随你尽情捣乱 到处聘请舀饭,11.0
7722,我的心情一直都很平静,11.0
7723,笑看所有瓶颈 不用太多神机妙算,11.0
7724,和时间交换,11.0
7725,一步一步翻过高山,11.0
7726,等到灵感将我浇灌,11.0
7727,水到渠成自然可以进化超三,11.0
7728,所以凡事都得靠自己,11.0
7729,独来独往才会更刺激,11.0
7730,坏事一人承担好事一人独享,11.0
7731,全凭技能 打破所有的质疑,11.0
7732,想要靠近的全部扫兴,11.0
7733,一切问题我都会亲自搞定,11.0
7734,事了拂衣去 带走了机遇,11.0
7735,留下一句 祝你们好运,11.0
7736,别来掺和这是非 不管你是谁,11.0
7737,这场游戏错与对 闭上你的嘴,11.0
7738,不向任何人谄媚 出事自己背,11.0
7739,别来 试图 偷渡 我的 航路 不顾 错误,11.0
7740,黑色 珍珠 一路 加速 即使 穷途 末路,11.0
7741,可惜我的酒里有毒,11.0
7742,别人喝了就会呕吐,11.0
7743,每个基因都有属于我的密码,11.0
7744,想要破译你又向谁求助,11.0
7745,只不过是笨鸟先飞,11.0
7746,从不浪费时间混到天黑,11.0
7747,人多口杂混淆是非,11.0
7748,而今再会劝你趁早谦卑,11.0
7749,像你们一群人一起做,11.0
7750,但我一个人自己过,11.0
7751,天下没有不散的筵席,11.0
7752,所以不断地练习,11.0
7753,命运如幻般迁移 都是自己的,11.0
7754,爱是自己的 恨是自己的 根本不想被人左右,11.0
7755,最可悲的是你一直信任着的兄弟早已消失在了身后,11.0
7756,孤独早已成为了我的代名,11.0
7757,但命运从此不再待定,11.0
7758,扫清了所有的谋财害命,11.0
7759,最后只和自己发展爱情,11.0
7760,别来掺和这是非 不管你是谁,11.0
7761,这场游戏错与对 闭上你的嘴,11.0
7762,不向任何人谄媚 出事自己背,11.0
7763,倒数70秒我的到来好比定时炸药,11.0
7764,风暴前夕像暴雪般招牌韵脚你听至大叫,11.0
7765,我万箭齐发的音节像子弹飞出惊世大炮,11.0
7766,纵身一跳甩出盖帽横行加霸道说唱界樱木花道,11.0
7767,我悠哉的走来 让真气流开到六脉,11.0
7768,我依然求败于show rhyme 虽有流派但剑走无招,11.0
7769,我的词汇切入伴奏 锋利过手术刀,11.0
7770,我就像海王纳摩 舌如浪口如涛,11.0
7771,攻坚的号响 风卷起飘荡,11.0
7772,封剑矛刀枪 奉先般耀武扬威,11.0
7773,在每条line上挂上了鱼饵般的rhyme,11.0
7774,让你看着鱼竿望洋兴叹成为我的盘中餐,11.0
8030,最后你才懂得,11.0
8031,是过程 不是结果,11.0
8032,在破茧重生以后,11.0
8033,重创的伤口不会再痛,11.0
8034,梦想支撑我向前走,11.0
8035,我要追寻我的自由,11.0
8036,当遇到挫折的时候,11.0
8037,我不会再去低头,11.0
8038,为了心中的目标而奋斗,11.0
8039,我会一直走到最后,11.0
8040,经历过低谷让我变得更加强壮,11.0
8041,我曾把理想大学写在我的墙上,11.0
8042,但没有实现又让父母在次的失望,11.0
8043,曾经我找不到出口 压抑在胸口,11.0
8044,我无法挽留我的爱人叫她别走,11.0
8045,我只能一根一根的灭了这烟头,11.0
8046,痛在咽喉 我知道你懂我的感受,11.0
8047,作为硬汉只能抗住压力握紧拳头到最后,11.0
8048,没有任何优势还想缩小差距,11.0
8049,THIS MY LIFE 我想要一个完美的结局,11.0
8050,你没有经历过所以没资格对我评论,11.0
8051,每一个讽刺过我的人我会留下凭证,11.0
8052,校园出来我知道天才也需要勤奋,11.0
8053,经历过才知道钱财的来之不易,11.0
8054,玩多了感情游戏也会相信不离不弃,11.0
8055,最懂你的人只有你自己,11.0
8056,WAKE UP 因为梦想要继续,11.0
8057,时间让我把这些看的更透,11.0
8058,别趴下我不会选择逃走,11.0
8059,成长让我 把珍惜两字看懂,11.0
8060,有故事的你们都会读懂,11.0
8061,我看到了过程 而不是注重结果,11.0
8062,走出第一步就不曾后悔过,11.0
8063,我看到了爸妈看的最重是我,11.0
8064,我知道你们付出很多剩下的交给我,11.0
8065,在破茧重生以后,11.0
8066,重创的伤口不会再痛,11.0
8067,梦想支撑我向前走,11.0
8068,我要追寻我的自由,11.0
8069,当遇到挫折的时候,11.0
8070,我不会再去低头,11.0
8071,为了心中的目标而奋斗,11.0
8072,我会一直走到最后,11.0
8435,练练瑜伽术 可别把腿折断,11.0
8436,追寻梦的方向,11.0
8437,她究竟指向了何方,11.0
8438,当我摇开了车窗,11.0
8439,看见一丝的光亮,11.0
8440,在天空中闪动着感动的光芒,11.0
8441,内心不再彷徨的天堂里面,11.0
8442,没有失望,11.0
8443,只有希望的源头,11.0
8444,没有颤抖的双手,11.0
8445,当想要说话的时候,11.0
8446,你知道我不会开不了口,11.0
8447,总会愈合的伤口,11.0
8448,她一直提醒着我,11.0
8449,就把以前不愉快的经过,11.0
8450,当作一种收获,11.0
8451,就跟我走吧,11.0
8452,一起探索未来的奇妙,11.0
8453,跟着这个节奏,11.0
8454,搭着我的双肩,11.0
8455,请你感受这种纯洁的感受,11.0
8456,我看见了自由在向我招手,11.0
8457,在每个街头巷尾我找到了出口,11.0
8458,每次相会的时候我都想带你走,11.0
8459,从时间开始走到世界的尽头,11.0
8460,但不是为了 getting paper,11.0
8461,每个夜晚go hard,11.0
8462,他们都在睡着,11.0
8463,所以我一直都在rap,11.0
8464,都在唱你知道,11.0
8465,从你眼中看到的仅仅是,11.0
8466,所以我lonly 不像你phoney,11.0
8467,不需要卷一根抽一根,11.0
8468,还是能感觉到重力,11.0
8469,他们都know me,11.0
8470,是关于 payback homie,11.0
8471,我想把你装进带子里,11.0
8472,到哪里都要带着你,11.0
8473,因为我的man都在这里,11.0
8474,Hoes 看到我10秒钟喊10下oops,11.0
8475,她们不知道我下一秒是什么路子,11.0
8476,每一秒都chill,11.0
8477,不管是什么类型,11.0
8478,都是我的sweet,11.0
8479,F N C 除了眼前的光亮,11.0
8480,你是否 和我一样,11.0
8481,曾经迷失走错方向,11.0
8482,站在十字路口,11.0
8483,向左还是向右,11.0
8541,Hater系Hater,11.0
8542,到处都遍布Haters,11.0
8543,每一次见你似曾相识,11.0
8544,正义联盟最出色 欢迎小人玩打击,11.0
8545,小时候总被别人欺负没有人在乎,11.0
8546,幻想以后能够成功能够让别人记住,11.0
8547,要让所有人都羡慕过我自己的人生,11.0
8548,糟糕的成绩差劲的人际关系,11.0
8549,多么喜欢那个女生都没有勇气靠近,11.0
8550,活着像空气那个自卑的自己,11.0
8551,已过去了多少年却像是刚发生在昨天一样,11.0
8552,那懦弱胆怯的少年有一个远大的梦想,11.0
8553,他默默的努力一步一个脚印,11.0
8554,慢慢的靠近所有人冷落的眼神他不在意,11.0
8555,想要拥有的一切在一步步实现,11.0
8556,不再害怕我已经长大,11.0
8557,我把世界踩在脚下,11.0
8558,不再哭泣我的回应是反击,11.0
8559,相信自己为了梦想去努力,11.0
8560,毅力让我依然站在这里,11.0
8561,我从来不在意他们的流言蜚语,11.0
8562,坚强和勇气曾经经历的一切我都不会忘记,11.0
8563,所有挫败的回忆汇聚成我的动力,11.0
8564,让我更加坚定去创造新的奇迹,11.0
8565,为了我的家人为了我的兄弟,11.0
8566,为了爱我的女人让我继续走下去,11.0
8567,音乐注入了我的神经这就是我的命,11.0
8568,是对是错让时间去证明,11.0
8569,我从未感受自己如此强大,11.0
8570,不再害怕我已经长大,11.0
8571,我把世界踩在脚下,11.0
8604,你爱的饶舌歌手将会出现在你梦境 yes！,11.0
8605,他是一个小丑但有伟大的梦 成为城市英雄他说他不怕痛,11.0
8606,他被别人低估 父母说他没用 他捏紧拳头 告诉自己一定会成功,11.0
8607,前方的道路没有光明只有黑暗 充满羁畔的生活就像地狱极端,11.0
8608,他期望的却只能靠青春兑换 但他还是向前走 继续向前走,11.0
8609,遇到了朋友与他臭味相投 他们站在城市的每个街口,11.0
8610,想被认同 想靠音乐照亮城市的角落 但发现现实总是一笑而过,11.0
8611,一错再错的人是谁 他只是小丑渴望走出杂技团,11.0
8612,可悲的英雄做着不可悲的事 丑陋的外表但有不丑的大志,11.0
8613,他说做大事的人要吃苦 他很清楚这条路被烟雾罩住,11.0
8614,他也追求过自己的音乐点击数 她想站在台上但观众都矜持住,11.0
8615,但他没有抱怨一如既往犯着傻,11.0
8616,希望人们记住他 这个想法多么伟大,11.0
8617,信念刻在骨子里 每天睡觉都在想 说到底他跟自己过不去,11.0
8618,在梦中都在冒险 女朋友都离去 在低落中只剩下自己,11.0
8619,灰飞烟灭 一切都烟灭！ 我脑子里的东西已被歼灭,11.0
8620,但自己告诉自己先别放弃 这就是自由组合的定律,11.0
8621,不被重视的小人物 迈沉重的脚步,11.0
8622,走在城市的小路 不同层次的角度 审视我自己,11.0
8623,关在黑暗的小屋中 告诉自己人生是豪赌你得挺住,11.0
8624,听出了他们听不到的 是非,11.0
8625,在叫着习惯了早就习惯那些虚伪对你笑着,11.0
8626,我不愿再去想谁是真是假的,11.0
8627,本来这社会每个人都是自私的 所以,11.0
8628,奢求太多难免换来失望 在彻底失望后,11.0
8629,的人 他最后陷入了绝望,11.0
8630,无所谓在脸上 放下已破碎的伪装,11.0
8631,让放肆的梦想放开去唱 没有什么是最坏的 他说,11.0
8632,我听见了一个声音传入耳朵,11.0
8633,不再去甘示弱 用实际行动打破这沉默,11.0
8634,用我的执着 把精力全耗尽,11.0
8635,让我能放心自己从未放弃过 忘记了曾经的那个小丑 不再是泡影的梦,11.0
8636,我带着她逃离 就算倒下后不逃避永远不离不弃,11.0
8637,我想要成为这城市英雄 用音乐,11.0
8638,去感染别人在每个机会面前 Do my best Try my best Me,11.0
8639,努力把skill呈现 不留下遗憾,11.0
8640,本来就没有多少的时间 两年的时光没有磨平我如今我依然在,11.0
8641,我相信抛弃不可能会得到pay back,11.0
8642,由06年开始到到依家,11.0
8643,REVOLUTION风雨同路同渡每一个难关,11.0
8644,你照做 我照做 大家行自己条路,11.0
8645,从east side直落dirty south,11.0
8646,驶出Hip Hop招式,11.0
8941,因为面子问题没能说个不,11.0
8942,我喜欢我习惯这成都的夜晚,11.0
8943,这世界怎么了不该我管的都不管,11.0
8944,坐着地铁经过这是哪一站,11.0
8945,一起听着成都情歌和你的另一半,11.0
8946,逛着大街小巷这感觉多棒,11.0
8947,一座城市的故事当然不止在星座书上,11.0
8948,当然会有那么一天自己不再年轻,11.0
8949,这首成都情歌还会有谁会在听,11.0
8950,首先感谢我的父母他们对我的关爱,11.0
8951,每分每一秒对我包容的心态,11.0
8952,感谢他们对我无微不至的培养,11.0
8953,让快乐与温馨陪伴我的成长,11.0
8954,我感谢我的老师对我的教导,11.0
8955,感谢他们教我人生怎样去起跑,11.0
8956,感谢他们传授的知识与文化,11.0
8957,让我能在社会中生根与发芽,11.0
8958,我感谢我的朋友他们对我的帮助,11.0
8959,感谢他们在我困苦时贴心的关注,11.0
8960,感谢他们永远会站在我的身边,11.0
8961,用友谊去撑起那共同的明天,11.0
8962,我感谢我的她她对我付出的爱,11.0
8963,感谢她对我的照顾每晚的饭菜,11.0
8964,感谢她对我的支持理解与期待,11.0
8965,是她让我感觉温暖有家的存在,11.0
8966,我感谢每个夜晚给我疲惫后的依靠,11.0
8967,我感谢每个清晨更加新的开始祷告,11.0
8968,我感谢每次失败让我品尝苦口的良药,11.0
8969,我感谢每次成功让我看到自己的微笑,11.0
8970,要感谢些欺骗让我增进了一些见识,11.0
8971,要感谢那些虚伪也就是证明了我的价值,11.0
8972,要感谢那些伤害也就是磨练了我的心志,11.0
8973,要感谢那些烦恼也就是一把向前的钥匙,11.0
8974,要感谢那些拍我的朋增强我的意志,11.0
8975,要感谢那些面试意味着激发了我的斗志,11.0
8976,要感谢那些欲望让我认知换来的痛苦,11.0
8977,要感谢那些挫折让我明白做事需要态度,11.0
8978,要感谢那些压力让我精力充沛有的忙碌,11.0
8979,要感谢那些恐惧让我学会了面对危险,11.0
8980,要感谢那些胆小明白凡事都有深浅,11.0
8981,感谢我住过的胡同那间不大的平方,11.0
9185,要沉得住气 这是街头的通则,11.0
9186,想要获得人气麻烦你先找到风格,11.0
9187,别在问我建议我只懂 厚积薄发,11.0
9188,都在婆妈 快穷到吃不起罗莎,11.0
9189,总说被梦想拖累 你唱的多Gay,11.0
9190,我用roll tongue传达幽默把规则打乱,11.0
9191,yo check it out 凭我舌头打转,11.0
9192,不用说hands up我出现就有气氛,11.0
9193,就像是流行歌手说着稍息台下依然立正,11.0
9194,这种依然是否该得到器重,11.0
9195,各方面都到位除了音乐没律动,11.0
9196,在剧组里看明星吵架因为妆被搞花,11.0
9197,难怪松哥放弃卖唱片去卖烤鸭,11.0
9198,当出场费一百倍于此取的进价,11.0
9199,so cheers the drink这是北漂的悲剧,11.0
9200,我才不想遵循这种笑死人的规律,11.0
9201,当音乐受伤了像我打着石膏,11.0
9202,待我破镜重生你都接不了我十招,11.0
9203,时刻全力以赴到我折断拐杖,11.0
9204,你就知道该为real hustle去买账,11.0
9205,这一路我试过要退出可找不到逃离的地图 迷路,11.0
9206,这一路我试过要退出可找不到逃离的地图 软乎,11.0
9207,这条路的第一步,11.0
9208,必须站稳写下书的第一幕,11.0
9209,我当范本别再聊他的烂梗,11.0
9210,艺人被媒体欺负,11.0
9211,像人生来便太多不胜唏嘘出,11.0
9212,太多的问题还在问着为何,11.0
9213,有时现实会把我的幻想对折,11.0
9214,但是勇气让每个生命汇合,11.0
9215,我的上帝好像只对富人偏心,11.0
9216,寻梦人就不要害怕路程艰辛,11.0
9217,艺术家要人记住他活得鲜明,11.0
9218,艺术来自现实不是为了现金but,11.0
9219,这个民族情绪太多年镇定,11.0
9220,不想太多规则只想玩得尽性,11.0
9221,我们需要热血来反抗命运,11.0
9334,一双清澈的眼睛在瞭望,11.0
9335,迎风飘扬但是想法还没飘到,11.0
9336,声音嘹亮真相开始曝光,11.0
9337,两位街头诗人拥有着共同梦想,11.0
9338,受到了启发,11.0
9339,灵魂做了抵押,11.0
9340,上帝的话始终留在底下,11.0
9341,如果你能感觉到,11.0
9342,我的感觉幻觉到,11.0
9343,我的幻觉为什么到了现在还不团结,11.0
9344,不想再找了,11.0
9345,已经习惯少了,11.0
9346,再一次倒塌,11.0
9347,不再那么天真,11.0
9348,心里充满怨恨,11.0
9349,觉得好像自己跟世界没有缘分,11.0
9350,不管天堂多远,11.0
9351,已经下了决心,11.0
9352,准备飞跃出火焰,11.0
9353,寻找自由想到理想的地方,11.0
9354,那双清澈的眼睛慢慢地闭上,11.0
9355,一双世故的眼睛在追忆,11.0
9356,心灵飞起 所以抱怨让他回击,11.0
9357,时刻非常危急,11.0
9358,动作开始违例,11.0
9359,两位街头诗人拥有着共同目的,11.0
9360,憋了很久他不能再忍耐,11.0
9361,多次的伤害,11.0
9362,改变了他的神态,11.0
9363,一次又一次的,11.0
9364,还是不能分开,11.0
9365,因为在他心底还是充满着深爱,11.0
9366,不再着急 也不再好奇,11.0
9367,失去道义 变得那么暴力,11.0
9368,学会自己解决问题从不需要安慰,11.0
9369,从他父亲离开哪天没再流过眼泪,11.0
9370,有点压力自己拼命承担,11.0
9371,但是他的态度,11.0
9372,也变的非常冷淡,11.0
9373,寻找自由他想再次看见希望,11.0
9374,那双世故的眼睛慢慢的闭上,11.0
9375,别怕指南针,11.0
9376,永远选指着我们这个地下,11.0
9595,脑壳里头张了一个包,11.0
9596,笑得灿烂仔细看看藏了一把刀,11.0
9597,收拾不到利益都不得客气,11.0
9598,肯定活到腻还是莫得戏,11.0
9599,优胜劣汰还是保持非常激烈,11.0
9600,你不用奇怪人与动物莫得区别,11.0
9601,一代一代不断换到提升逼格,11.0
9602,一直不会熄灭 被欲望打了鸡血,11.0
9603,嫌的都举手 不嫌的全部全部跟到走,11.0
9604,看举的手都在心口现实中都没有,11.0
9605,所以都全部都被喇叭吼的全部都会走,11.0
9606,你活到哪的 朋友 来错地方 从不从走,11.0
9607,你迷失在你手上拿起的东西 那甩不甩个空手,11.0
9608,想都不要想 不可能就是不可能 杂可能有可能想都不要想,11.0
9609,嫌的都举手 不嫌的全部全部跟到走,11.0
9610,看举的手都在心口现实中都没有,11.0
9611,所以都全部都被喇叭吼的全部都会走,11.0
9612,活著不难 最难的是做人,11.0
9613,在移开的眼神里 代表著默认,11.0
9614,活著不难 最难的是做人,11.0
9615,在移开的眼神里 代表著默认,11.0
9616,那些以为是结果 其实是每一站,11.0
9617,每过一站 不断开始著每一段,11.0
9618,每一晚 每个抉择没选的每一半,11.0
9619,都在疑问你有没有遗憾,11.0
9620,你没有看过的陌生的脸,11.0
9621,更热或更冷的水,11.0
9622,更软或更狠的嘴,11.0
9623,更深刻的 怎么体会 谁的眼神最深邃,11.0
9624,怎么体会 哪种笑容最珍贵,11.0
9625,最忘不了 什麽事实你最放不掉,11.0
9626,忘不了的黑暗 忘不了的光,11.0
9627,忘不了的安心 忘不了的慌,11.0
9628,正经历的人们呐 那都是过程,11.0
9629,那都是过程,11.0
9630,一切都是过程,11.0
9631,那都是过程,11.0
9632,我们把希望寄托在道路城市,11.0
9633,精神寄托电影音乐文字,11.0
9634,人们记录着 他们说的真实,11.0
9635,如此 你只知道结局的故事,11.0
9636,写下结果 因为人们爱追溯,11.0
9637,省略过程 因为时间爱催促,11.0
9638,他们挥舞手跟脚 追捕着分秒,11.0
9639,你归属感真小 又正巧没有退路,11.0
9640,文字没灵魂 是散落的笔画,11.0
9641,我起身又捡起散落的笔,11.0
9642,再创作时重新排列散落的记忆,11.0
9643,下笔重现 每个看过的你,11.0
9644,每个散落的你 被捕捉在底片,11.0
9645,有时一个转身 感动产生在里面,11.0
9646,如果不屑纪念 没结果的经验,11.0
9647,于是 过程是风景 结果 是明信片,11.0
9648,重要是过程,11.0
9649,一切都是过程,11.0
9650,重要是过程,11.0
9651,都是过程,11.0
9652,活着不难 最难的是做人,11.0
9653,在移开的眼神里 代表着默认,11.0
9654,在移开的眼神里 代表着默认,11.0
9655,活着不难 最难的是做人,11.0
9656,一切都是过程,11.0
9657,都是过程,11.0
9658,都是过程,11.0
10946,一个目标终极北京第一！,11.0
10947,他们拥有一颗总冠军的心,11.0
10948,他们只为一个目的给北京争气！,11.0
10949,在今晚之后他们都将成为传奇,11.0
10950,一个王朝在这座球场崛地而起！,11.0
10951,用生命撞击对手篮筐,11.0
10952,更凶狠的那个人他总是会赢,11.0
10953,别说创造奇迹这是拼出血性,11.0
10954,谁到紫禁城来就把谁打怂！,11.0
10955,我们是一群虎狼异常凶猛,11.0
10956,我们是一搜快艇逐电追风,11.0
10957,顶过常规赛拼过半决赛,11.0
10958,把中国篮球至尊鼎就留在五棵松！,11.0
10959,冠军北京我们知道自己能赢,11.0
10960,对手实力越强我们越不忿！,11.0
10961,你根本不知道如何阻止我们不断灌篮！,11.0
10962,不顾一切地集体玩命向前冲！,11.0
10963,冠军北京我们为大场面而生,11.0
10964,想打败御林军你白日做梦！,11.0
10965,你根本不知道如何阻止我们火力进攻,11.0
10966,we are the champions 冠军是北京,11.0
10967,打了20分钟让你篮板数是0,11.0
10968,再看看我的中锋9投8中,11.0
10969,我不想你毁在我的手里,11.0
10970,撕开你的防线对我太容易,11.0
10971,针尖对麦芒欢呼蜂拥如浪,11.0
10972,把所有的恩怨就了结在场上,11.0
10973,你来儿就为迎接我们加冕称王,11.0
10974,我看到你的颤抖你看到我的渴望,11.0
10975,背靠峭壁我们脚踏悬崖,11.0
10976,在风口浪尖之上集体爆发,11.0
10977,用一个晚上的时间统治篮下,11.0
10978,我不管你怎么战术变化,11.0
10979,遇上北京就得让你付出代价,11.0
10980,在你的主场照样把你拿下,11.0
10981,我总是能找到解决你的办法,11.0
10982,冠军北京我们知道自己能赢,11.0
10983,对手实力越强我们越不忿！,11.0
10984,你根本不知道如何阻止我们不断灌篮！,11.0
10985,不顾一切地集体玩命向前冲！,11.0
10986,冠军北京我们为大场面而生,11.0
10987,想打败御林军你白日做梦！,11.0
10988,你根本不知道如何阻止我们火力进攻,11.0
10989,we are the champions 冠军是北京,11.0
11378,别灌篮高手看太多说新鞋踩三脚,11.0
11379,这首诗 写在十年前的某个凌晨四点,11.0
11380,颜社工作室 你一个人的时间,11.0
11381,安静的黑夜该算今天或明天,11.0
11382,卷起一根烟 面对又要逼近的期限,11.0
11383,如果你忘记 我帮你做个提醒,11.0
11384,来自最大管的团体,11.0
11385,需要的只是时间不是指点,11.0
11386,批评什么 我才不管你,11.0
11387,疏远了所有人际关系 我没有空,11.0
11388,什么都没了那也没关系 我还有梦,11.0
11389,当初玩饶舌 只想挣脱束缚和期待,11.0
11390,但现在却意外 比过去扛得重,11.0
11391,最后一次点火突然懂了所谓烟到尽头,11.0
11392,当我无技可施忘掉一切放手一搏,11.0
11393,如果这是 我此生写的最后一首饶舌歌,11.0
11394,那我该如何记载呢,11.0
11395,于是我找了鼓 找了你会中的sample,11.0
11396,原曲可能是1999年你最爱的一首,11.0
11397,那时你甚至还没饶舌梦,11.0
11398,过两年你才开始写歌 写到现在是个饶舌歌手,11.0
11399,能帮你把这首歌 做成你最爱的样子,11.0
11400,你最爱的beatz and flow,11.0
11401,或许十年后还是这样子,11.0
11402,听到hiphop会想跟着点头,11.0
11403,希望你听到现在 头早就跟着点,11.0
11404,想起二十年前为什么会玩饶舌,11.0
11405,为什么逃家 又为什么重考呢,11.0
11406,想起一路走到这里 你值得为自己骄傲,11.0
11407,但未来的路怎么走 我不免感到焦躁,11.0
11408,总是缅怀过去 你很少想以后,11.0
11409,用饶舌写备忘录我必须自己做,11.0
11410,让以后世界发现以前台湾也有这种音乐,11.0
11655,再次拿起了笔写这样的歌词,11.0
11656,这个爆发已积蓄了多时,11.0
11657,hiphop是用来讲一些真话,11.0
11658,怎样做我的音乐让他们听见惊讶,11.0
11659,你还在凝视着排行榜的名次,11.0
11660,我是个kingdom会迎接所有的行刺,11.0
11661,所以破釜沉舟不顾一切加把劲,11.0
11662,给你在奋斗的兄弟都打打气,11.0
11663,卖cd不是为了钞票,11.0
11664,race against time把速度加快,11.0
11665,这个就是我的flow我的show我来帮助你们怎么样子拯救,11.0
11666,用我的眼球看到他们点头,11.0
11667,似乎在无边的大海里远游,11.0
11668,怎么可能这些crew干部乱了套,11.0
11669,饶舌的希望你看不看的到,11.0
11670,我们做出来的事人们称为异象,11.0
11671,我们散播的Place人们称为异乡,11.0
11672,Lead your army soldier force pass to the玄关,11.0
11673,我们不需要Beats我们也能够 说事实,11.0
11674,我们看不到时势 当你们看到 Sun raise up from the East,11.0
11675,那是起义之日,11.0
11676,不信请你试试,11.0
11677,我们请你自制,11.0
11678,我们希望我们Children能有更多的知识,11.0
11679,因为孩童加上梦想那是天使之翅,11.0
11680,如果你们能够说动我 那就是代表能够说动知识,11.0
11681,你是上帝之子 我请你建立王朝,11.0
11682,曾经的Shorty现在已是禅师,11.0
11683,曾经放下过的辉煌那只是暂时,11.0
11684,放下屠刀把你的手沾湿,11.0
11685,把你的手放到水里大声喊3次,11.0
11686,曾经有过的欲望那已被蚕食,11.0
11687,命运在自己手里别去信占筮,11.0
11688,我们做出来的事人们称为异象,11.0
11689,我们散播的Place人们称为异乡,11.0
11690,Lead your army soldier force pass to the玄关,11.0
11691,我们不需要Beats我们也能够 说事实,11.0
11692,看不到时势 当你们看到 Sun raise up from the East,11.0
11693,那是起义之日,11.0
11694,我不用抽weed也能飞上天,11.0
11695,带着押韵漂浮了好远,11.0
11696,每个思绪都倾注着音乐,11.0
11697,每个音符都倾注着心血,11.0
11698,不同灵感给我不同选择,11.0
11699,有太多的快乐夹杂着苦涩,11.0
11700,而我干听这beatz灵魂激荡着,11.0
11701,我和我的兄弟在这继续 挡著,11.0
11702,在西洋人和火炮前继续 躺著,11.0
11703,Kamikaze style 火药 继续绑著,11.0
11704,从台北到南京 让敌人继续倒著,11.0
11705,我的兄弟们来自五湖四海,11.0
11706,写下投名状後 用 Rap 来自白,11.0
11707,武装自己对财团制裁,11.0
11708,相信你也正在 谱写你的未来,11.0
11709,并不奢望能够得到一切,11.0
11710,我满足於听 Cormega 听一夜,11.0
11711,说不清的却这么迷恋,11.0
11712,歌词需要当黄金来提炼,11.0
11713,把你的手放在空中宣誓,11.0
11714,富强中国是我们共同的意志,11.0
11715,让这大地飘满这旗帜,11.0
11716,凯旋归来吧英勇们的骑士,11.0
11717,我们做出来的事人们称为异象,11.0
11718,我们散播的Place人们称为异乡,11.0
11719,Lead your army soldier force pass to the玄关,11.0
11720,我们不需要Beats我们也能够 说事实,11.0
11721,看不到时势 当你们看到 Sun raise up from the East,11.0
11722,那是起义之日,11.0
11723,在这个世界上诞生了！,11.0
11824,风和日丽突然变成阴天,11.0
11825,醒来的我又要面对这闷热的房间,11.0
11826,满脸的汗水在帮我洗脸,11.0
11827,我想回到梦中因为老师说要体检,11.0
11828,我不想清醒地度过每天,11.0
11829,SO别让它离开我嘴边,11.0
11830,就像是愤青看微博每天气,11.0
11831,有人吃撑 有人吃不起三餐,11.0
11832,有人说2012快了天还没塌掉,11.0
11833,这里太多遗憾这里太多爱恨交加,11.0
11834,现实伤口需要梦想包扎,11.0
11835,SO dream dream dream别叫我醒来,11.0
11836,my dream dream dream 对现实说good night,11.0
11837,摘下眼镜换上最舒服的睡衣,11.0
11838,坐上这趟通往太空的电梯,11.0
11839,每天太紧绷想卸甲归田,11.0
11840,就让这首歌来为你们催眠,11.0
11841,只是想把严肃变得诙谐,11.0
11842,每一个黑猩猩都带上了蝴蝶结,11.0
11843,世界是长不大的孩子的游乐园,11.0
11844,就算经历过痛苦也会比甘蔗甜,11.0
11845,期待改变又害怕改变,11.0
12460,谁都一样,11.0
12461,会生老病死,11.0
12462,真相 被遗忘,11.0
12463,被藏进信纸,11.0
12464,树叶 在流浪,11.0
12465,风还没静止,11.0
12466,你我都一样想永远名留青史,11.0
12467,从小我就知道脚要踩地天在头顶,11.0
12468,佛在上方俯瞰众生 就像蝼蚁,11.0
12469,不用害怕 黑暗战胜不了光,11.0
12470,你 保持真实就会 得到爱的表彰,11.0
12471,我想要什么我会通过努力独立去争,11.0
12472,想要梦想的路永远亮着绿灯,11.0
12473,就算跪着也要朝着目标狂奔,11.0
12474,我才不管 你有什么看法,11.0
12475,当我需要精神救赎 你又在哪,11.0
12476,太多必要交际 在不停交替,11.0
12477,这提醒我这虚伪面具下的脸都太假,11.0
12478,梦中小路 我不会停下脚步,11.0
12479,都想成功 可成功毕竟占少数,11.0
12480,我慢慢从横冲 直撞到 变牢固,11.0
12481,我在肮脏的泥泞里面找宝物,11.0
12482,没经历苦难怎么叫做生活,11.0
13295,飞驰的时光,11.0
13296,当我站在高峰之上,11.0
13297,翻越层峦叠嶂,11.0
13298,黑夜为我点亮,11.0
13299,多希望,11.0
13300,最初的地方,11.0
13301,那不渝骄傲的理想,11.0
13302,忘记所有痛伤,11.0
13303,少了心情感叹 不再心惊胆战 只敢干,11.0
13304,毁誉若已参半 才看淡 廉价的诉苦和同情都泛滥,11.0
13305,要强地扔掉保护伞后孤胆前行承受了多少不满,11.0
13306,心死灰复燃 有个声音说再坚持到不掩饰偏执,11.0
13307,要证明一切不晚,11.0
13308,渴望那片山谷放肆呼喊,11.0
13309,When I fight 就算遍体鳞伤照样不退让,11.0
13310,When I try 就算举步维艰不停去冒险,11.0
13311,When I cry 即使疲惫但不倦怠 从现在,11.0
13312,用我的样子去恨去爱 This is why I rhyme,11.0
13313,This time just give me the mic 就唱出每段日记,11.0
13314,理想还有那些稚气 是名是利 是我是你,11.0
13382,根本不在一个境界 不是一种命 yeah,11.0
13383,别跟我说谢谢 这是公平的季节 成群的妻妾 喊出吾皇万岁万岁万万岁,11.0
13384,Tony Xie. King of freestyle 街上六岁的小孩都会知道,11.0
13385,你觉得你屌是因为你喝药 我跳说唱的舞蹈是和平的信号,11.0
13386,震破你的心跳 反射 你的膝跳,11.0
13387,节奏有些蹊跷 旋律有些洗脑,11.0
13388,Great XZT 从不抱怨过程有多艰险,11.0
13389,虽然他有千眼 站在万人之巅,11.0
13390,在完成该完成之前 不会相信任何征兆 Never give one 燥,11.0
13391,不和小人计较 Made in China是中国制造 是嘻哈的符号,11.0
13392,如果你之前不知道 你现在会知道 没用的全烧掉 歌词满天飘,11.0
13393,专辑都sold out. Straight Fire Gang的名字在每个Radio的频道,11.0
13443,不断 跳跃,11.0
13444,越过了一个又一个困难,11.0
13445,走吧 前面路还长,11.0
13446,你会获得无数称赞,11.0
13447,逐渐有了一点小名气,11.0
13448,换来的全部都是谩骂,11.0
13449,打击中成长的我们,11.0
13450,肯定会越来越强大,11.0
13451,忘不了第一次见面感觉相见恨晚,11.0
13452,共同的爱好,11.0
13453,陪我们熬过无数个夜晚,11.0
13454,开始出作品 把所有精力放在上面,11.0
13455,只是为了一个梦想,11.0
13456,说实话也是为了金钱,11.0
13457,我庆幸拿着麦克风的手还没放下,11.0
13458,不管别人的评价 做自己,11.0
13459,先把自己做大,11.0
13460,我感谢这一路对我们支持理解的人,11.0
13461,我感谢在这个 family 同大家风雨兼程,11.0
13545,我承认要吃饭 有房租要payer,11.0
13546,也有古典要学 也有说唱要写,11.0
13547,每天叫醒我的不是闹钟是梦想,11.0
13548,我二十几的时候现在三十几也一样,11.0
13549,当我兴高采烈的一个人离开我的城市来到着,11.0
13550,但是发现好像一切并不是那么完美,11.0
13551,我兜里的钱 房东的电话,11.0
13552,好像一切都在威胁我的生活,11.0
13553,但是既然走了 那就干下去,11.0
13554,Ei 继续是错是对,11.0
13555,Ei 梦想支离破碎,11.0
13556,Ei 沉默无言以对,11.0
13557,那就记着昂着你的头颅向前看,11.0
13558,我知道有许多困难让你留遗憾,11.0
13559,没有家人的陪伴是否让你不习惯,11.0
13560,一个人走在路上 前方烟雾弥漫,11.0
13561,所以抛弃了工作准备跟自己拼一手,11.0
13562,给自己铺下的路注定要我自己走,11.0
13563,既然做出选择 就别再瞻前顾后,11.0
13564,只想活的更像自己 陪我写到最后,11.0
13565,我还始终 告诫自己不能软弱,11.0
13566,听着时钟 滴答滴答警醒我别懒惰,11.0
13567,看着手中 还有多少的时间自己把握,11.0
13568,一路向东 去争夺该有的每分每刻,11.0
13569,尽管只有吃完饭才会感觉活着不错,11.0
13570,也时常感觉到冷漠在身边无时无刻,11.0
13571,知道以后历经很多但不会怕错,11.0
14363,全都怪我,11.0
14364,如果不是我 不会自己洒脱,11.0
14365,让我们难过,11.0
14366,倘若那天,11.0
14367,如果那天我 不受情绪挑拨,11.0
14368,你会怎么做,11.0
14369,当所有rapper不说空话love and peace,11.0
14370,当最懦弱的人握紧刀把变得有意志,11.0
14371,当所有人的生活不在日复一日,11.0
14372,当舞台上唱歌的人不再是个戏子,11.0
14373,世上没有如果那只不过是卑微的梦,11.0
14374,我了解那种希望破碎化作飞灰的痛,11.0
14375,我了解压在你身上的担子是那么的重,11.0
14376,但别放弃啊我可以一直做你唯一的听众,11.0
14377,我知道没有如果但咱们还有未来,11.0
14378,用双手打拼的当然好过韩剧里的对白,11.0
14379,你心里装的是天下不止是香奈儿的柜台,11.0
14380,平凡梦也能卖出天价就算世界变得黑白,11.0
14381,上帝为你开了一扇门当然也会关窗,11.0
14382,来这世上走一遭可不是只为了观光,11.0
14383,别人庸碌匆忙的一生你可不想过,11.0
14384,你的世界海阔天空要比他们更广阔,11.0
14385,做自己喜欢的事 别忘了发过的誓,11.0
14386,想做就做吧这一生又有谁不会闯祸,11.0
14762,当然别人不能替你决定自己的命,11.0
14763,放下你的麦克风,11.0
14764,跟我去海边吹吹风,11.0
14765,至少你还有我 还有你的梦,11.0
14766,可不可以让我放空自己,11.0
14767,不管有没有人听,11.0
14768,追逐的太阳下 对生活很迷茫,11.0
14769,明天是个未知数 只能笑着去面对,11.0
14770,Yeah m f man 别考虑这一切,11.0
14771,什么烦恼都无所谓 生活还是得继续,11.0
14772,音乐在我身旁 灵感涌出脑海,11.0
14773,我们从人生的跑道上零点出发,11.0
14774,黑暗总会过去 黎明终会到来,11.0
14775,他们都让我加一个team 我偏单打独斗,11.0
14776,越来越少的东西 能引起我的注意,11.0
14777,never stop for to the top 我和我的team都feel so lit,11.0
14778,我不需要他们给我的那些bankroll,11.0
14779,我想要的东西靠我自己收获,11.0
14780,我不需要他们给我的那些bankroll,11.0
14781,我只想和心爱的女孩跳个tango tango,11.0
14782,从小时候 就有种感觉 自命不凡,11.0
15848,感谢所有留在我身边的人来给我依靠,11.0
15849,你们给我的力量就像是一万吨炸药,11.0
15850,把所有隐瞒和欺骗都给炸掉,11.0
15851,那年6月我来到这个地方,11.0
15852,我下定决心一定要有志走四方,11.0
15853,这句话我不会遗忘,11.0
15854,也不会感到心慌,11.0
15855,我知道自己要更加强壮,11.0
15856,歌词才能更加响亮,11.0
15857,hiphop为我插上翅膀,11.0
15858,身边有我homie的臂膀,11.0
15859,等我成长 等我飞翔,11.0
15860,等我衣锦还乡,11.0
15861,等我继续为 我自己开枪,11.0
15862,打破围墙 建立城邦,11.0
15863,让你知道我是个rapper,11.0
15864,而不是个小微商,11.0
15865,你的打击只会让我,11.0
15866,化作灿烂烟火,11.0
15897,peace and love一直装在我的心里,11.0
15898,总有一天我会当上厂牌经理,11.0
15899,想说的太多了,11.0
15900,一首装不下,11.0
15901,我脚步太快了,11.0
15902,不会因此停下,11.0
15903,这天气太冷了,11.0
15904,已经接近零下,11.0
15905,化作烟火我做我自己的赢家,11.0
16669,我是黎明来临前的最后一个战将,11.0
16670,夕阳来幕之时我将追随上帝飞向天堂,11.0
16671,我向上不停飞 直到照亮千山万水,11.0
16672,我向上不停飞 直到可以触碰天堂,11.0
16673,我向上不停飞 直到照亮千山万水,11.0
16674,我向上不停飞 直到可以触碰天堂,11.0
16753,我是语出惊人,11.0
16754,我是永恒的话题不需要新闻,11.0
16755,因为太繁华的夜晚让你整晚都无法入眠,11.0
16756,你不想昙花一现就和梦境说再见,11.0
16767,竭尽你所能重生在这绝境,11.0
16768,就是我存在的证据,11.0
16769,有你们在我飞行脱离重力,11.0
16770,这首歌给我兄弟,11.0
16771,要重情重义,11.0
16772,终于可以在这给你动力,11.0
16773,黎明的黑暗,11.0
16774,让你觉得孤单,11.0
16775,黑暗的一切,11.0
16776,让自信生灵涂炭,11.0
16777,我还在唱,11.0
16778,我想我也可以更棒,11.0
16779,就算是没人在听我也可以配唱,11.0
16780,如果在生命开始时让我再次选择,11.0
16781,我一样坚持我的音乐我的饶舌,11.0
16782,一样叫YJ,11.0
16783,你一样可以做到,11.0
16784,做你自己才对,11.0
16785,当你感到累了觉得无力感到困,11.0
16786,当你不再愿意相信别人只有恨,11.0
16787,我只能怀疑,11.0
16788,你是不是个real man,11.0
16789,我想你仔细看看面前这个real friend,11.0
16790,他比你更倒霉,11.0
16791,比你更值得去憎恨,11.0
16859,学原委 不反悔 再疲惫 不沉睡,11.0
16860,你开始能分辨是非善恶错对,11.0
16861,父母的良苦用心你当时是否知晓,11.0
16862,无知的感情里面谁又占了主导,11.0
16863,你想起打过的架 害过的怕,11.0
16864,承诺忠于内心能不能说说过的话,11.0
16865,想要实现 每句诺言,11.0
16866,我用尽每一个日夜,11.0
16913,别听那些伤感情歌YJ给你更好的,11.0
16914,因为我从不SLOWLY,11.0
16915,我有个朋友叫做joe slowly,11.0
16916,我话题还没走远,11.0
16917,PARTY更加CRAZY,11.0
16918,这首歌只想让你开心,11.0
16919,模仿对象就是我,11.0
16920,保持微笑面对生活,11.0
16921,跟过去的你说再见,11.0
16922,别跟烦恼来面对面,11.0
16923,就算是开心的时候,11.0
16924,不区分牛排或泡面,11.0
17108,飞过了太多城市太多故事目标没影响,11.0
17109,庆幸我还诚实还是固执还记着信仰,11.0
17116,向着狂风前进越过陷阱不需休息,11.0
17117,还有你与我同行 带你看最美风景,11.0
17118,飞到目的地之前我不会把你叫醒,11.0
17119,握紧我的手带你遨游天空 AI,11.0
17120,没有绳索束缚闭上眼睛放松 AI,11.0
17121,坐在云彩上景色与众不同 AI,11.0
17122,新时代来临旧思想水火不容,11.0
17130,人心就像魔鬼欲望深不可测卑微,11.0
17131,再飞 再追 我不会再后退,11.0
17132,再累 也对 就算我很狼狈,11.0
17133,雨中在漫步我脚下踩着水泥路,11.0
17134,乌云密布漫天我会看的更清楚,11.0
17946,我的灵感来自于成长和我成长的人,11.0
17947,所以我真不在乎外面自以为是的评论,11.0
17948,我只在乎每一次我用力扯着声带,11.0
17949,在每个现场证明中文说唱的存在,11.0
17950,也许你的卫星信号已经连到了村外,11.0
17951,但是让这里真的富起来才是真爱 Peace,11.0
18346,生活的节奏好快 不听人抱怨,11.0
18347,总是有那么多开心的事我随时都是笑脸,11.0
18392,我才找回我的灵魂...,11.0
18393,来聊聊看你这些年发生了什么,11.0
18394,用什么话来概括 有什么事不再做,11.0
18395,只要你还想做你自己 就不用觉得惭愧,11.0
18396,从开始 到现在 到后来一个团队,11.0
18397,不说变了太多 因为我爱的还没变,11.0
18398,会需要摆脱 有些事谁看不见 只不过看见不说,11.0
18399,这几年成长很多 不去跟老爸诉说 他心里比我还要清楚 Man,11.0
18400,从一个无业游民 直到把说唱当成事业在做,11.0
18401,像我的团队致敬 想说的话有很多,11.0
18402,讲话前都会斟酌 不像我原来那么随意,11.0
18403,逐渐的意识到自己的年纪 对自己变的严厉,11.0
18404,要能够独当一面 我才能撑的下去,11.0
18405,在此刻留个悬念 看看我多年以后,11.0
18406,还是不是我现在这个样 用rap在这里唱,11.0
18407,这游戏就像一个块拼图 记忆是它的碎片,11.0
18630,继续我的旅程 继续我的蜕变,11.0
18631,继续我的爱   直到成功为我兑现,11.0
18632,继续给予我吧动力 不管多少人能听见,11.0
18684,用行动来证明,11.0
18685,模仿能带来更多能量,11.0
18686,我相信老天总会开一次眼,11.0
18687,就像危急关头总会出现的肺腑直言,11.0
18710,没能够遥看远方 心里多少难免失望,11.0
18711,爷爷奶奶已去天边 没能见我学会忍让,11.0
18712,首发还是替补我想也没办法去弥补,11.0
18713,城内几天未下雨暴露了干太久的泥土,11.0
18714,还在跟着心走,11.0
18715,词在跟着心读,11.0
18716,是非不在心口,11.0
18717,没能学会轻浮,11.0
18718,我最近一直在写东西,11.0
18719,一些烦恼基本忘得一干二净,11.0
18880,外面的人给你画饼充饥,11.0
18881,还不如自己创造蜂蜜,11.0
18924,品尝过喜怒哀乐,11.0
18925,知道甜蜜还有痛,11.0
18926,存下的初衷告诉自己,11.0
18927,不能够忘了梦,11.0
18928,就这样走着走着 很多事不用懂了,11.0
19077,与其怨天尤人,11.0
19078,不如语出惊人,11.0
19079,看我金蝉脱壳一起有说有笑,11.0
19080,跟着beat跳踢踏,11.0
19081,不是海尔兄弟 这是舒克贝塔,11.0
19082,不燥起的兄弟 小心被打,11.0
19083,my homie 拥有很多故事,11.0
19084,但你不是 you so dope 无法复制,11.0
19085,乌云正准备让阳光冲散,11.0
19086,夏天再一起去海边冲浪 boy,11.0
19092,镜头回放拳头滴着血我差点在黑暗中沦陷,11.0
19093,保持漂亮用强硬去对抗把所有委屈都吞咽,11.0
19094,我时乖时坏 暴躁或安静取决于你角色和属性,11.0
19095,神的裁决不会让你为所欲为,11.0
19593,对我投射嫉妒的双眼,11.0
19594,说唱界Jaqen我拥有不止一点,11.0
19595,更多一点责任心所以更多一点强大,11.0
19596,你在倒垒我每击都全垒打,11.0
19597,所以我的出现必须是必然,11.0
19598,付出多少就能收获多少必定击穿,11.0
19599,梦 实现梦 我每天都在准备填补空白,11.0
19653,思维绽放的flower,11.0
19654,黑色的flower 还有paper,11.0
19655,带我打开新世界的大门 word up,11.0
19658,别奢求太多的机会,11.0
19659,你先要自我赎罪,11.0
19660,不管它对不对味,11.0
19661,黑夜显得更加娇贵,11.0
19662,别让这疲惫的身体变成你精神上的累赘,11.0
19749,我知道太阳依旧东升西落,11.0
19750,生活还要继续,11.0
21630,最近关于Hip-Hop音乐发生了好多的事儿 还有好多的评论,11.0
21631,我们对此有好多话想说 所以写了这首歌儿 它的名字叫《无罪》,11.0
21632,他所责怪的文化帮我找到定位 取舍进退 自如应对,11.0
21633,真实所以才显得另类 明辨是非 我实感幸会,11.0
21634,可你看是谁 给我所爱的艺术不断泼脏水,11.0
21635,他们的表情都看不透 一张张臭脸难猜,11.0
21636,那自视清高的烂骨头 不过是肉眼凡胎,11.0
21637,他明明发迹于地下 可是最后缺遗忘了地下,11.0
21638,诋毁了地下 背离了地下 埋在了地下的底下 最终被封杀,11.0
21639,其实我也心痛这红花 7年的功绩因只言片语而被迫蒸发,11.0
21640,在红布的遮盖下 谁能保障音乐的权益,11.0
21641,他的话我不同意 可我誓死捍卫他说话的权利,11.0
21642,Hip-Hop赋予了我双明亮的眼 看清世界,11.0
21643,心存和平与爱 尊重人类创造的一切,11.0
21644,宏保输我读多了可是我们年代的语录谁编,11.0
21645,我不想再举步维艰,11.0
21646,也后怕在这个敏感时期歌儿多说可以吗,11.0
21647,宣扬自由平等的艺术应被无罪释放,11.0
21648,无罪 你所谓的商业化我从来不会,11.0
21649,市场大了观众难免出现耳背,11.0
21650,all they talk bout 娱乐圈的是非,11.0
21651,却很少有人琢磨旋律下的智慧,11.0
21652,和部队起笔向前冲,11.0
21653,hiphop曾给我带来过激励,11.0
21654,从此起飞向天空,11.0
21655,让曾迷茫的孩子写下梦想在两点钟,11.0
21656,但我现在上了台子他们却想当监工,11.0
21657,不可能 为什么你爱自己不如爱个明星,11.0
21658,为什么你更喜欢谩骂不是聆听,11.0
21659,我知道错的东西应该被人唾弃,11.0
21660,但他们的道义却总变为暴力,11.0
21661,在炮击的呐喊中去攻击这个文化,11.0
21662,逃避着现实网络生活那些人呐,11.0
21663,当了解了片面 就把它当全部,11.0
21664,都或许还眷恋 走批斗的原路,11.0
21665,请睁 大了你们的眼睛仔细看看,11.0
21666,看看谁在打着手里那张如意算盘,11.0
21667,大V野鸡媒体游离拿着黄金饭碗,11.0
21668,裁定个人的前程不用法律而用键盘,11.0
21669,当那帮疯狂的脑残粉 寻常的老版本,11.0
21670,把艺人当神 不分青红的搞一捆,11.0
21671,都精通着分阵营和纷争对骂,11.0
21672,但他们几个听过真正的hiphop？,11.0
21673,沉寂多年的种子终于冲破地下,11.0
21674,绽放 不再担心如何计价,11.0
21675,把他们耳膜震荡,11.0
21676,当这些名字终于被世人记住 他拔得头筹胯下也换了赤兔,11.0
21677,当时代终于轮到你 可以手持方天画戟,11.0
21678,你却反手捅了这个所谓的黑人文化,11.0
21679,想想你说的话 bro,11.0
21680,hiphop到底教会了我们什么,11.0
21681,有多少个孩子学会了怎么做个男人顶天立地,11.0
21682,加大马力冲破密闭的牢笼 不管你是否贫穷,11.0
21683,做为mc这确实太不配了,11.0
21684,别说了先快点儿跪下 给hiphop来赎罪吧,11.0
21685,你看看前一秒被奉为崛起的雄狮,11.0
21686,如今形象崩塌 接近封杀,11.0
21687,被群起而攻之,11.0
23125,就把我的soul交给嘻哈,11.0
23126,说唱即是正义 也是新时代的筹码,11.0
23127,赢得过 逃得脱 抓不到 摸不透,11.0
23128,一开始 得不到 不会消失的soul,11.0
23129,第一次 让你跟着想法不同,11.0
23130,再一次 欢迎你来到嘻哈的星球,11.0
23131,逃不脱 握在手 耳机里 一直播,11.0
23132,你要的 我可能没有 但我掌控你脉搏,11.0
23133,开始懂得humble 点着头,11.0
23134,未来的路还有很多等着我去走,11.0
23135,in Chicago 一个接一个的路口,11.0
23136,拼命玩尽情的hustle,11.0
23137,看着墙上日历已经是八月十五,11.0
23138,已经20度依旧穿着短裤感受不到温度,11.0
23139,开始 懂得 为你 帮你 处理 问题 关于 难题 不会 抗拒 love me,11.0
23140,开始收起脾气只能靠我自己,11.0
23141,慢慢找回自己 扬帆远航前我前路前,11.0
23142,不知何时下次相遇 请别对我暴击 我还会不忘初心 ya,11.0
23143,开始懂得humble 点着头,11.0
23144,未来的路还有很多等着我去走,11.0
23145,live in Chicago 一个接一个的路口,11.0
23146,拼命玩尽情hustle,11.0
23147,想要 你来到芝加哥 带着你去湖散步,11.0
23148,前往 荷兰 带你 漫步 风车田野郁金香开满你的小屋,11.0
23149,圣诞节 有你叫醒 能够收到你的礼物,11.0
23150,大梦初醒 发现自己遁入虚无,11.0
23151,看到不一样的星空闪烁 像是来自几万光年外的星球,11.0
23152,感受不到的温度 地球看不见的角度,11.0
23153,像是被吸入了黑洞 无法脱身 灵魂离开躯壳,11.0
23154,偷偷的溜走 在另外的纬度是否也有一个我,11.0
23155,开始懂得humble 点着头,11.0
23156,未来的路还有很多等着我去走,11.0
23157,live in Chicago 一个接一个的路口,11.0
23158,拼命玩尽情hustle,11.0
23159,到底怎样才能放下一切,11.0
23160,这个思绪泛滥的夜,11.0
23161,点的兰州全都慢慢熄灭,11.0
23162,大概原因是没有氧气,11.0
23163,快乐和我总是分隔两地,11.0
23164,看过周围太多的人,11.0
23165,因为争权攘利变得势不两立,11.0
23166,空气渐渐被挤压,11.0
23167,人们的欲望也渐渐在放大,11.0
23168,可就连原始的情感,11.0
23169,这让我喘不过气,11.0
23170,这让我感到窒息,11.0
23171,这让我甚至都怀疑,11.0
23172,老学校的Sugrahill Gang到Grandmaster再到Curtis Blow,11.0
23173,Slim的手稿每个人想有南部带着coco逐渐开始入流,11.0
23174,Dabbing的Migos和trap的酒 不走的留下该走的就走,11.0
23175,旋律开始变得洗脑,11.0
23176,歌词不是重复一套,11.0
23177,比较比较 之后才会知道,11.0
23178,记到力道 带刺的道路通往荆棘森林的到处,11.0
23179,是不需要照顾 看得清套路,11.0
23180,实力不到位也早晚会暴露,11.0
23181,把句子写出来分三段并且要再练习读音发声千遍,11.0
23182,才高八斗 来即兴发挥后摆菜下酒,11.0
23183,快过来买票拿走 拍照拉手,11.0
23184,下一段我和我兄弟将shine like a pro,11.0
23185,高空 睁眼 清醒 落地,11.0
23186,开机 被刷屏 一部烂片 又破亿,11.0
23187,朋友圈里的圈里人在相互做戏,11.0
23188,好像不跟着点个赞就会被唾弃,11.0
23189,太多人有钱花 welcome to the cinema,11.0
23190,动辄八个九个十个亿的票房奇迹,11.0
23191,它都把银子赚了,11.0
23192,还继续砸下一部神话,11.0
23193,忍不了那么多俗套的对白,11.0
23194,哭不出笑不出的故事,11.0
23195,玩什么谈什么情怀和未来,11.0
23196,好政策好市场,11.0
23197,好坏不分的货色大有人在,11.0
23198,名气当神拜私底下,11.0
23199,乱七八糟上了荧屏就恩爱,11.0
23200,著名大编剧 故事和事故没有间距,11.0
23201,硬伤太多智商太挫,11.0
23202,还要追梦不如你先去,11.0
23203,有后期就好点 有关系就保险,11.0
23204,一个摄影干特么三五年,11.0
23205,都能变成导演,11.0
23206,爱情 除了爱情就是爱情,11.0
23207,别的真心不太行,11.0
23208,日子太平的新一代不太灵,11.0
23209,回忆青春从来不带停,11.0
23210,虚拟世界里打鬼怪妖魔的小制片,11.0
23211,被资本消磨着骗骗点击,11.0
23212,融了资就值钱 跟着风赶时间,11.0
23213,票房收视法宝,11.0
23214,来来去去穿越把历史查找,11.0
23215,唐宗宋祖帝王将相说,11.0
23216,求求你们请勿打扰,11.0
23217,宫廷里多少传记人物传奇,11.0
23218,穿越到都市里,11.0
23219,一声叹息,11.0
23220,又是解决不完的婆媳关系,11.0
23221,这个 IP 那个 IP 超级大 IP,11.0
23222,全世界都在抢 IP,11.0
23223,抢了就开机 十有八九肯定挨批,11.0
23224,经典变成败笔,11.0
23225,脱掉文化的外衣,11.0
23226,挖煤的卖楼的互联网手游的来回唬,11.0
23227,发行商 投资方,11.0
23228,笑里藏刀拿来对赌,11.0
23229,每天头脑风暴会晤,11.0
23230,与资本大佬为伍,11.0
23231,玩好的致富 跑偏的被捕,11.0
23232,Too many superstars 闪瞎我的双眼台上放电,11.0
23233,前呼后拥之间把魅力彰显,11.0
23234,签个名摆个 pose 合个影顾后忙前,11.0
23235,头头是道字里行间,11.0
23236,然后搂搂抱抱自己旁边的,11.0
23237,老板笑眯眯地心想,11.0
23238,拿完了奖快点回我的房间,11.0
23239,走红毯一件件争奇斗艳,11.0
23240,豪华定制的礼服,11.0
23241,大荧幕一个个苍白无力,11.0
23242,多少从艺北电中戏的姑娘四处碰壁,11.0
23243,副导要了别人,11.0
23244,掷地有声铿锵有力,11.0
23245,背剧本不如打游戏,11.0
23246,一个绿幕飞到天山 close up 帅到面瘫,11.0
23247,片酬千万遍地花痴颜饭片约不间断,11.0
23248,拍戏真的好辛苦,11.0
23249,三更半夜只有我一人,11.0
23250,别娇气别着急,11.0
23251,不如我去跟你对个剧本,11.0
23252,我同意 我们一起研究一起努力,11.0
23253,你呼吸 我出力,11.0
23254,幸福美满的剧组夫妻,11.0
23255,用了文替再用武替,11.0
23256,几十个人拍一场戏,11.0
23257,经纪人化妆师助理,11.0
23258,全天候不能不如意,11.0
23259,定角色要流量,11.0
23260,没粉丝演的好也休想,11.0
23261,每天公关危机,11.0
23262,娱乐八卦翻的各种旧帐,11.0
23263,口碑千万不能坏了,11.0
23264,宣传千万不能败了,11.0
23265,人设千万不能栽了,11.0
23266,不然千万身价就不好卖了,11.0
23267,院线忙上岗 深夜处处幽灵场,11.0
23268,粉丝吵吵嚷嚷,11.0
23269,水军浩浩荡荡 总之我家宝宝棒棒,11.0
23270,自视甚高的有钱有名有名牌包包的,11.0
23271,摇身一变亿元导演,11.0
23272,谁得罪不给谁好脸,11.0
23273,哪门子道德被糟践,11.0
23274,法官来了也不道歉,11.0
23275,美轮美奂的神奇,11.0
23276,一张张人皮纸醉金迷光怪陆离 that's rite,11.0
23277,Pretty face and money that's life 理直气壮表姿态,11.0
23513,介绍我的时候总是“写某某的某某”,11.0
23514,我拱手报以微笑 然后你对我说加油,11.0
23515,同样的场景 十年之内充斥千万遍,11.0
23516,不觉得闪光的闪光点你们总是先看见,11.0
23517,但我深爱 也难离开这座城市别怀疑,11.0
23518,将我的爱 巧妙编排文字配上节拍器,11.0
23519,这个男孩慢慢长大学会谦卑客气,11.0
23520,月是故乡明这句话绝对不是刻意,11.0
23521,son of cnc 喜怒哀乐留这里,11.0
23522,他和父母的争执能不能忘得干净又彻底,11.0
23523,曾经我忘乎所以的像片飘起的落叶,11.0
23524,等风来的心情显得那么着急和迫切,11.0
23525,想要做个rapstar的梦想交替着破灭,11.0
23526,十年后 这首歌不再是调皮的作业,11.0
23527,天堂山的风轻拂大河边的柳枝,11.0
23528,那片荷塘是否还环绕着皎洁的鹭鸶,11.0
23529,妖娆的水秀搭配清真街的小吃,11.0
23530,抗日名将的故乡要用文脉来编织,11.0
23531,谁与你擦肩 谁陪你过的夏天,11.0
23532,又是谁在微风过后轻拂你的发尖,11.0
23533,孩子微笑在花间 父母拍下了画面,11.0
23534,一草一木把故事搭建 等待你去发现,11.0
23535,不论我走到哪里 繁华都市或是瓦邑,11.0
23536,家乡茶泡入茶具 让我想起奶奶的话语,11.0
23537,“人生就像茶叶 浮沉不必大悲大喜”,11.0
23538,白水沏茶有真味 鼓励我从容下笔,11.0
23539,看水上公园的情侣牵手 漫步樱花便道,11.0
23540,看龙潭寺的锦鲤浅游 佛光遍照,11.0
23541,沧江的美 你参透了没 是否让你惊讶张大了嘴,11.0
23542,天堂的雪 湿地的夜 美景不加修饰那么直接,11.0
23543,麦浪阵阵托起田园起航扬帆 物质富足之后还有满满心灵粮仓,11.0
23544,天堂山的杜鹃映红它的脸庞 变成我心里弥足珍贵的典藏,11.0
23545,余晖洒满梵高的花园也别有一番景致,11.0
23546,美丽富饶的沃土有瓜果飘香四时,11.0
23547,穿着草鞋也可以跳出华丽的舞姿,11.0
23548,昌盛安宁的故乡我再加个“always”,11.0
23549,你的评价我由着你,11.0
23550,保持初心就可以,11.0
23551,感谢上帝给我的九色笔,11.0
23552,画出淳朴没有奢靡,11.0
23553,是的 昌宁之子 爱你用独特方式,11.0
23554,如果可以的话在我的嘴巴放一个辐射装置,11.0
23555,把所有坏的过滤 让欢笑代替啜泣,11.0
23556,田园城市的未来或许 满眼都是墨绿,11.0
23557,所以 我鼓点佐以 文字 用心唱这城市,11.0
23558,the son of cnc 昌宁之子,11.0
23559,是的 昌宁之子 爱你用独特方式,11.0
23560,如果可以的话在我的嘴巴放一个辐射装置,11.0
23561,把所有坏的过滤 让欢笑代替啜泣,11.0
23562,田园城市的未来或许 满眼都是墨绿,11.0
23563,所以 我鼓点佐以 文字 用心唱这城市,11.0
23564,the son of cnc 昌宁之子,11.0
23565,坐标北京到madison春夏秋冬一度,11.0
23566,阅览世间万物偶尔也有人间疾苦,11.0
23567,开始意识到我不是 那么穷 那么富,11.0
23568,okok I’ve choices 左中右 三条路,11.0
23569,像随便挑个后宫佳丽快点扶朕起身,11.0
23570,真想像个忍者那样学会分身,11.0
23571,探寻不同结果之后回报本尊,11.0
23572,这样也许能窥探到世界的本质和法则加黑白乾坤,11.0
23573,但那 毕竟 只是我的幻想,11.0
23574,就像 酒精 尼古丁的赞赏,11.0
23575,不停地闯荡 看透了纯洁和肮脏,11.0
23576,学会了不再去纠结和慌张,11.0
23577,人心的脆弱都旗鼓相当,11.0
23578,还好没放弃在不停的唱,11.0
23579,这条激流 没有缓和 恐惧和踌躇 一并 冲刷了吧,11.0
23580,所有选择 都是赌博 时间当筹码 all in 全押了吧,11.0
23581,留了后路没有后顾的人们看我们仿佛裸奔,11.0
23582,在这迷宫之中迷路的孩子究竟是他们还是我们,11.0
23583,看那些条条框框 我觉得像活在迷宫,11.0
23584,路走的摇摇晃晃 似醉酒的活佛济公,11.0
23585,当我把专长不断提升 就好似穿上那超人披风 继承,11.0
23586,Tupac和Biggie遗风 就是阿拉丁见了我也得熄灯,11.0
23587,你去想想有多少人 深陷着囹圄不自知,11.0
23588,你看反而迷宫外的人们都想进去 被困住的出不来,11.0
23589,日日夜夜不思进取如此反复 天西边儿出现鱼肚白,11.0
23590,不慎混入红尘 怎能遁入空门 你我凡人岂能妄想跳出三界之外,11.0
23591,分清奸佞忠臣 兄弟一视同仁 匠人精神教我笑看现世人间事态,11.0
23592,看他活的稀里糊涂 恬不知耻自称立地书橱,11.0
23593,大多数 全都是 梦想家 抱负远 可惜他 心有余 毅力不足,11.0
23594,脑海中回忆闪过 我这才刚知道 历史就如同我人生的律师,11.0
23595,过去的种种闪烁 我也开始思考 以前的抉择和那些得与失,11.0
23596,对未来的期望呐是否太过头 甚至已经遗忘了那些去或留,11.0
23597,于是我又再次拿起了手中这瓶酒 我听说他配万宝路能够化解掉千万愁,11.0
23598,估计你也听腻 了别人的生活 经历 过他们的挫折 屏蔽 掉无谓的争夺 铭记 了受过的折磨,11.0
23599,在面对压力选择永不退缩哪怕别人眼中你就是像面对风车的堂吉诃德,11.0
23600,我不想永远都沉寂在回忆中 那就让所有往事都飘散随风,11.0
23601,我管他lost and found 把这歌朝天放 不想这一切竹篮打水一场空,11.0
23602,这过程 如昙花一现,11.0
23603,得与失 如过眼云烟,11.0
23604,20个小时飞行高空每次都是bad trip,11.0
23605,凌驾于每个时区都是白昼不愿再睡,11.0
23606,他们说我们每次动笔写的故事跨越无数公里,11.0
23607,会在我葬礼恭喜 我的孩子cuz i died rich,11.0
23608,10个rapper里面11个瞎玩auto tune的,11.0
23609,但那些不够看的捣乱的全部都得查办,11.0
23610,天天开着奥拓还说着自己爱riding low low,11.0
23611,假装搭背勾肩的骗子也劝你们趁早收手,11.0
23612,继续 拖着行李箱回地球的对立面,11.0
23613,抑郁 情绪我躲在录音棚里发泄,11.0
23614,丢掉的找到的回忆不在充满隐患,11.0
23615,匠人领域就像双air force不容侵犯,11.0
23616,这过程 如昙花一现,11.0
23617,得与失 如过眼云烟,11.0
23618,他眼里有雾 他想要替他吹散,11.0
23619,那美丽与哀愁 在脑中轮番打转,11.0
23620,他心里也打颤 不知他能否接受,11.0
23621,他的犹豫 是禁忌还是害羞,11.0
23622,生活几经翻腾的阴暗,11.0
23623,他已不敢少年心气泛滥,11.0
23624,对于抱歉跟孤独他都习惯,11.0
23625,那时的放肆承诺,11.0
24321,随着旋律,11.0
24322,走入大海,11.0
24323,随着音符,11.0
24324,走进森林,11.0
24325,随着咆哮,11.0
24326,点燃火山,11.0
24327,随着历史,11.0
24328,变成遗产,11.0
24329,让时间去给看法,11.0
24330,错的会被正义斩杀,11.0
24331,你知道天堂很美,11.0
24332,孩子们千万别喊害怕,11.0
24333,你想要的东西,11.0
24334,必须用全力去争取,11.0
24335,金钱和权利,11.0
24336,才不是你想要的生活真谛,11.0
24337,我想要,11.0
24338,做一个真 的Rapper real,11.0
24339,让爸妈,11.0
24340,能看见我努力对梦想的追求,11.0
24341,也许我就像是 一个精心设计的滑稽秀,11.0
24342,逗你一笑 也会成为我永不放弃的理由,11.0
24343,坐在老式拖拉机 看着钢架和人流,11.0
24344,看着为钱奔波的人们 还在边走边吼,11.0
24345,看着 不值得的人都走了只留下了知己,11.0
24346,看着我 老了死了歌词能保存几个世纪 我想,11.0
24347,用奇妙旋律,11.0
24348,我想 一日千里,11.0
24349,踩疯狂节奏,11.0
24350,我想 遨游四海,11.0
24351,让音乐作舟,11.0
24352,我想睡在梦里,11.0
24353,醒在梦境,11.0
24354,吵架时间到,11.0
24355,鼠尾草又来了,11.0
24356,盗了dz家里找来的一箱菠萝快车,11.0
24357,Homie 我来教你什么叫做饶舌,11.0
24358,把 嘴巴张开,11.0
24359,就当晚 让我用四分钟把这桩事理理清,11.0
24360,一年前我还觉得你是个可造之材,11.0
24361,这个冰箱坏了谁来把他发回厂家重置,11.0
24362,我不是针对你,11.0
24363,想带你去餐馆,11.0
24364,我还没点完,11.0
24365,而melo刚到就要跳着和我击掌,11.0
24366,动物园里是不是空气不太理想,11.0
24367,我没钱买不起豪车所以只能开威震天,11.0
24368,睡了五千年的恶鬼离开金字塔,11.0
24369,以后没有他了,11.0
24370,我快发飙了,11.0
24371,说唱测试海尔兄弟不及格,11.0
24372,为何你总没得到尊重,11.0
24373,嘿 这是龙崎,11.0
24374,我从死神之地爬了回来行使我的正义,11.0
24375,那些伪善者的面纱,11.0
24376,将被染上blood散成半片花,11.0
24377,快点回家所有boy,11.0
24378,待会晚了there is no choice,11.0
24379,计算精确,11.0
24380,不用算计关系 flow申请专利,11.0
24381,越来越多OG  起飞后又OD,11.0
24382,谁该走下地狱yeah u know me,11.0
24383,看看到底谁是真的swag,11.0
24384,我最爱 太阳落山后的恐怖夜晚,11.0
24385,fake rapper位居前列排名前三,11.0
24386,穿越三十三年 打算继续攀岩,11.0
24387,宝贝跟着来 灯很暗,11.0
24388,我可爱的小乖乖,11.0
24389,记住你们背后,11.0
24390,总有一双眼,11.0
24391,披风下有黑蝙蝠,11.0
24658,全新的姿态 就自在 不管是成功还是失败,11.0
24659,这雾霾就会又全部散开,11.0
24660,当痘痘变成痘痕 我坚强不再斗狠,11.0
24661,在斗争中挣扎理想会被现实受审,11.0
24662,我无法穿越未来 所以活在今天,11.0
24663,只做我自己想做不管是过时还是新鲜,11.0
24664,有一种一往无前,11.0
24665,伴一种勇往直前,11.0
24666,背上所有的风险,11.0
24667,有一种没有明天,11.0
24668,过一个灿烂明天,11.0
24669,抛却所有的杂念,11.0
24670,行走这里的瞬间,11.0
24671,一刹那即是永远,11.0
24672,追求的没有极限,11.0
24673,梦想就近在眼前,11.0
24674,我想要过得faith不让肥肉堆积变成fat,11.0
24675,ok 像米开朗基罗被历史学家细说,11.0
24676,被写成小说 最棒的效果,11.0
24677,文字带上镣铐被你父母给撂倒,11.0
24678,在青春期经历掉到谷底再站到峰顶,11.0
24679,这就是我想做的想说有时候想的太多拜托,11.0
24680,一切失败大雨天脱下外套再走向舞台,11.0
24681,美好的未来在眼前但我选择拼搏,11.0
24682,像河流冲击大海一穷二白思绪打开,11.0
24683,被打败 被打乱我早习惯 是我在批判中寻觅奇迹,11.0
24684,有时我想我是否疯了他们心中我是战场,11.0
24685,也是弹孔后 躲藏的叛徒,11.0
24686,no 我只是妄想要打破老师给的传统,11.0
24687,我捡起砖头 建造属于我的梧桐,11.0
24688,帮我无可匹敌 抗起我旗帜我,11.0
24689,不计成本的付出我终要得到成绩,11.0
24690,这重要的时刻我拿起手机拨给那些对我冷眼旁观的伙计,11.0
24691,再无所顾忌,11.0
24692,有一种一往无前,11.0
24693,伴一种勇往直前,11.0
24694,背上所有的风险,11.0
24695,有一种没有明天,11.0
24696,过一个灿烂明天,11.0
24697,抛却所有的杂念,11.0
24698,行走这里的瞬间,11.0
24699,一刹那即是永远,11.0
24700,追求的没有极限,11.0
24701,梦想就近在眼前,11.0
24702,我想回到当初 回到16岁的花季,11.0
24703,回到那时什么都不懂的懵懂的岁月,11.0
24704,没有那么多的犯难 没有惊人的衰老,11.0
24705,没有时间带来的歌和没有无能为力的祷告,11.0
24706,可是面对前场依然无从躲避,11.0
24707,思念把风的压力 金钱名利关心和遗弃在堆积,11.0
24708,握紧手中的笔 手中的麦克 和手中的信念,11.0
24709,我听着耳边鼓励 耳边讥笑和哀怨,11.0
24710,有一种一往无前,11.0
24711,伴一种勇往直前,11.0
24712,背上所有的风险,11.0
24713,有一种没有明天,11.0
24714,过一个灿烂明天,11.0
24715,抛却所有的杂念,11.0
25459,跑到安全出口用尽全力地跳,11.0
25460,再转身放火烧了困住你的庙,11.0
25461,到时的你不会再坐在街头,11.0
25462,也许人们看见你会向你挥手,11.0
25463,没有什么能够配成为你的枷锁,11.0
25464,什么食物都不贵当你已经挣脱,11.0
25465,穿梭,11.0
25466,明明都是我的菜,11.0
25467,Hey他嘲笑我失败,11.0
25468,那么多好人和坏人可他们,11.0
25469,我努力成为人上人让他们,11.0
25470,一定要做个人上人让他们,11.0
25471,我只剩下自卑,11.0
25472,喝酒从不刹伤悲,11.0
25473,想要堵住我的嘴,11.0
25474,闭上眼不搭理是非,11.0
25475,不他们才枉自黑,11.0
25476,我说英雄们登场,11.0
25477,等我carry全场,11.0
25478,学妹都喊我学长,11.0
25479,有我的赛场才能算是圆满,11.0
25480,才能创造奇迹的铜枪银马,11.0
25481,用我的信念开始创业,11.0
25482,我的付出不需要你看见,11.0
25483,以你的精神继续保持暗恋,11.0
25484,只是喜欢做自己,11.0
25485,总有些藏不住的秘密,11.0
25486,才会在半夜里要一直握紧笔,11.0
25487,相约在红尘末日里,11.0
25488,摆脱了霍塔或是你,11.0
25735,如果说我把一切从此后退,11.0
25736,没有这首歌和MV,11.0
25737,没有Easy Mixtape,11.0
25738,没有参加过演出比赛,11.0
25739,没有拿过第一,11.0
25740,甚至没有听过HipHop,11.0
25741,也没有遇到契机,11.0
25742,我是否就从没读过卡夫卡的书,11.0
25743,也许拿起麦克风就怕得想吐,11.0
25744,也许高中辍学在家时我没买书和CD,11.0
25745,没写散文小说,11.0
25746,我的期盼是否依然坚挺,11.0
25747,或者我的习惯是否通通成为陷阱,11.0
25748,当药物成为我入睡前,11.0
25749,再见到的曙光,11.0
25750,我还能否醒来把知识组装,11.0
25751,再刻录摆上橱窗,11.0
25752,FlashBack让腐败的落回最初的树,11.0
25753,把凝结的尘土擦除,11.0
25754,再tatoo上杰克船长罗盘指的路,11.0
25755,在FlashBack停住,11.0
25756,睥睨昨天消逝的光亮,11.0
25757,你知道千回百转的,11.0
25758,水到渠成的准星瞄准的方向,11.0
25759,我尽量不紧张,11.0
25760,要学会慢慢欣赏,11.0
25761,Hater此刻,11.0
25762,被清场开始这场激昂演讲,11.0
25763,如果当初没有听过那首歌,11.0
25764,你是否依旧热爱,11.0
25765,是否考虑父母感受而不是独白,11.0
25766,每当外界不理解地吸干你胆汁,11.0
25767,你开始反思,11.0
25768,难道每次故事开始都是这样子,11.0
25769,别担心别去想用心做自己就好,11.0
25770,变疯癫变痴狂外人眼光被吃掉,11.0
25771,试图掌握试图回答,11.0
25772,试图不仅学会飞也学会降落,11.0
25773,用尽一生所能记得书里也曾讲过,11.0
25774,你我都是如此便在这时空中穿梭,11.0
25775,多数人梦想被处死你更加执着,11.0
25776,在磕磕碰碰中到达新的阶段,11.0
25777,在反复折腾把你梦想在此刻结算,11.0
25778,虽然在他们心里我比高富帅更冷漠,11.0
25779,其实我热情似火,11.0
25780,怪你看不到另个我,11.0
25781,如果有危险我会在危险来临前到达,11.0
25782,用我修炼的刀法,11.0
25783,把坏人全部讨伐,11.0
25784,穿着橘黄色的外衣,11.0
25785,你可能觉得我像坏人继续表示怀疑,11.0
25786,我开启内心让你了解我的帅气,11.0
25787,最在意的是感觉才能保持耐力,11.0
25788,你搞的我着了魔似的无法保持冷静,11.0
25789,像单纯的小学生想要得到老师肯定,11.0
25790,使出了浑身本领,11.0
25791,试图能跟人分心,11.0
25792,但好像都不能掩盖对你的一片真情,11.0
25793,当遇到气流颠簸的飞机,11.0
25794,是天空中的风产生威力,11.0
25795,很美丽,11.0
25796,特别的回忆,11.0
25797,这并不会影响飞行的轨迹,11.0
25873,所有走的 跑的 游的 还有天上飞的,11.0
25874,装进我的胃里 胃太孤独需要被陪着,11.0
25875,吃遍所有动物 再吃人肉 不要肥的,11.0
25876,良心是什么 谁能看见,11.0
25877,人不为己 天诛地灭 这是老祖宗说的,11.0
25878,要为了自己享乐我得把我良心脱了,11.0
25879,等我快饿死的时候 你能给我口饭,11.0
25880,烦恼都有 但是你那种不管饱,11.0
25881,要我变成你 一个字 不,11.0
25882,我更喜欢我的思路,11.0
25883,Nah nah nah不能知足,11.0
25884,要贪得无厌 才配享福,11.0
25885,别光是撅着脸 快过来学着点,11.0
25886,道德值不值钱 主要看你怎么卖,11.0
25887,要一辈子捏手上不卖 能值钱才怪,11.0
25888,我说妈妈 我的梦呢我的梦呢,11.0
25889,欲望追着我 追的我快要疯了,11.0
25890,我还有心吗 为什么不觉得痛了,11.0
25891,叔叔说这是real life 只有钱 没有爱,11.0
25892,但我用钱蒙着眼睛 美梦还是没有来,11.0
25893,阿姨说real life 只有钱 没有爱,11.0
25894,但我用钱蒙着眼睛 美梦还是没有来,11.0
25895,把更多的钱染成红色 美梦才能,11.0
25896,跨越过高山和远水 找到我房间的门,11.0
25897,我亲爱的妈妈 请你解答我疑问,11.0
25898,什么是real life,11.0
25899,我感觉不错 你的感觉如何,11.0
25900,我说我感觉不错就像吃了补药,11.0
25901,我离开床单 再登上航班 是真的感觉不错,11.0
25902,工作当旅行 双倍的激情 真的感觉不错,11.0
25903,穿金 不带银 钱不买爱情 真的感觉不错,11.0
25904,有好多人羡慕我 因为我的感觉很不错,11.0
25905,你看我 一边走路 还要一边跳个舞,11.0
27619,今天的阳光正好,11.0
27620,想约会出门要趁早,11.0
27621,最近的问题有很多,11.0
27622,良好的心态不能少,11.0
27623,偶尔会遇到的低谷,11.0
27624,生活里受到的欺辱,11.0
27625,那些我经历的片段,11.0
27626,像衣柜里闲置的衣服,11.0
27627,不撑伞的孩子所以经常奔跑在雨中,11.0
27628,这几年下来希望你已经像个不倒翁,11.0
27629,伤口都已经结疤,11.0
27630,累了就早点回家,11.0
27631,曾经的那些疑惑,11.0
27632,时间会替你回答,11.0
27633,别害怕我离开 做个勇敢小女孩,11.0
27634,答应我勇敢爱 对前方保持期待,11.0
27635,开朗又活泼有礼貌,11.0
27636,不用去跟谁做比较,11.0
27637,别在意他们的眼光,11.0
27638,想要的总能够找到,11.0
27639,我想要睁开眼 就有你在我身边,11.0
27640,想为你写首歌 循环播放一整天,11.0
27641,想陪在你身边 每天都保持新鲜,11.0
27642,走你自己的路 不用为谁去改变,11.0
27643,昨天也回不去 明天还要继续,11.0
27644,我还在努力跑 还没到目的地,11.0
27645,别指望绕捷径 跟着我的鞋印,11.0
27646,希望很久以后 你还记得你的约定,11.0
27647,所有人都不懂你,11.0
27678,我的感觉不错 进度一直涨着,11.0
27679,不再是一个人的升级视线更广了,11.0
27680,我的爱好能让妈妈早点退休养着,11.0
27681,风凉话收好嘴别再痒了,11.0
27682,迎接第四赛季没想坐以待毙,11.0
27683,南边来的新血得到CSC的注意,11.0
27684,假陪伴抵不过我对着练freestyle的镜子,11.0
27685,你现在在哪?我的说唱快藏不住了,11.0
27686,再给点打击?不然我没动力拨开雾了,11.0
27687,爱我的给我正能量我现在没法负了,11.0
27688,我靠说唱给我收入而不是为钱喝到吐了,11.0
27689,给你我最后的respect 然后say bye,11.0
27690,便宜货的水麦 但我的嘴在,11.0
27691,深夜玩着rap game我的灵感璀璨,11.0
27692,我感觉到了满足像是呆在水畔,11.0
27693,是老天给的安排我用话筒告别自卑,11.0
27694,给我发言机会 将假象全部治罪,11.0
27695,放进我的歌里再写进我的日记,11.0
27696,再多么不起眼也能够造出新的自己,11.0
27697,是创伤给的创意撞了几次碰壁,11.0
27698,别消费重情重义已迷失失去重力,11.0
27699,我没有想过共鸣但还有保留憧憬,11.0
27700,你见不到我经历我和孤独太亲密,11.0
27701,battle为了冠军看手机的韵脚是吗？,11.0
27702,写不出歌词用我的词来补的是吗？,11.0
27703,在饭桌拿我说唱当话说的是吗？,11.0
27704,赚了点钱必须在我面前开始炫耀是吗？,11.0
27705,“兄弟”是你劝我早点放下说唱对吗？,11.0
27706,在你眼里我付出的说唱廉价对吗？,11.0
27707,这只能是说明我们的路不一样对吗？,11.0
27708,不挺我没有关系但你不该想毁它对吗？,11.0
27709,我说的对吗？你觉得累了？,11.0
27710,我先接着把它写下去 你先睡吧,11.0
27711,你大可不必要理解,11.0
27712,现在的我别怪我带着恨了,11.0
27713,别怪我我带着恨了,11.0
27714,好吃懒做却又嫉妒的人,11.0
27715,看到我现在才说抱歉的,11.0
27716,“意别要上台了 everybody watch out”,11.0
27717,片段中有些散落,11.0
27718,有些深刻的错,11.0
27719,还不懂 这一秒钟,11.0
27720,怎么举动 怎么好好地和谁牵手,11.0
27721,那寂寞有些许不同 我挑着留下没说,11.0
27722,那生活还过分激动,11.0
27723,没什么我已经以为能够把握,11.0
27724,而我不再觉得失去是舍不得,11.0
27725,有时候只愿意听你唱完一首歌,11.0
27726,在所有人事已非的景色里,11.0
27936,你可能需要家教,11.0
27937,来教你仰天大笑,11.0
27938,帮你把烦恼都炸掉,11.0
27939,高兴的上窜又下跳,11.0
27940,那就拿起你的电话打给我,11.0
27941,你可能开心比较少但话费多,11.0
27942,你是什么属相什么星座,11.0
27943,我都不在乎只要你不怕拼搏,11.0
27944,首先梦想别被麻醉,11.0
27945,其次为了它忙到汗流浃背,11.0
27946,再然后面对困难,11.0
27947,把你的敌人全部摧毁,11.0
27948,最后听着音乐跳起来欢快的舞步,11.0
27949,别理大众,11.0
27950,他们都很粗俗,11.0
27951,他们只想看着你和他们一样,11.0
27952,神采飞扬的结果把自己,11.0
27953,搞到走投无路,11.0
27954,吸口新鲜空气,11.0
27955,感觉自己永远都20岁,11.0
27956,心态像抗衰老冲剂,11.0
27957,每天起床都必须喝一杯,11.0
27958,和镜子里的你,11.0
27959,今天也不漏气,11.0
27960,清爽活着随便社会多油腻,11.0
27961,永远的永远的永远,11.0
27962,永远的永远的永,11.0
27963,你可能需要家教,11.0
27964,来教你仰天大笑,11.0
27965,帮你把烦恼都炸掉,11.0
27966,高兴的上窜又下跳,11.0
27967,那就拿起你的电话打给我,11.0
27968,你可能开心比较少但话费多,11.0
27969,你是什么属相什么星座,11.0
27970,我都不在乎只要你不怕信我,11.0
27971,生活会更美好,11.0
27972,那些不开心都不过只是配料,11.0
27973,你的心情需要一块肥皂,11.0
27974,来洗掉不干净情绪,11.0
27975,带你回到,11.0
27976,某一个夏天晚上的八点,11.0
27977,打电话问你朋友,11.0
27978,他的人在哪边,11.0
27979,要不要一起喝一杯,11.0
27980,你三分钟内问个八遍,11.0
27981,理由一堆就像是在诈骗,11.0
27982,吸口新鲜空气,11.0
27983,感觉自己永远都20岁,11.0
27984,心态像抗衰老冲剂,11.0
28093,因为你,11.0
28094,让我忘记了什么叫迷茫 就算脚下的道路是泥浆,11.0
28095,都是你,11.0
28096,让我再次拥抱上了希望 在这蛊惑着人心的地方,11.0
28097,无论多坚实的骗局,11.0
28098,也抵挡不了时间风吹日晒,11.0
28099,时间能带走我其他的一切,11.0
28100,只除了我对你的爱,11.0
28101,这是我连接着心脏的血管,11.0
28102,无法允许它被切断,11.0
28103,人生已经有了够多的缺憾,11.0
28104,是被迫染上的血斑,11.0
28105,我曾经遮住过视线 就在你出现之前,11.0
28106,痛苦的体会完全不值得留恋,11.0
28107,已经忘却在了虚无之间,11.0
28108,没有失去过 怎么会懂得珍惜,11.0
28109,要哭过才会爱上笑,11.0
28110,因为失去过 所以我必须珍惜,11.0
28111,请陪我到天涯海角,11.0
28112,你给了我归宿 不然我应该在流浪,11.0
28113,迷失着自我 步履阑珊在这地球上,11.0
28114,我曾经四处张望 也没能摆脱彷徨,11.0
28115,而如今就算闭上双眼也能看清方向,11.0
28116,因为你,11.0
28117,让我忘记了什么叫迷茫 就算脚下的道路是泥浆,11.0
28118,都是你,11.0
28119,让我再次拥抱上了希望 在这蛊惑着人心的地方,11.0
28120,当大老板 把钱赚的一墩一墩的,11.0
28121,我当大老板 用钱也是一墩一墩的,11.0
28122,有出息的小娃 长大都当了老板,11.0
28123,我比他们所有人都有出息 所以我要当大老板,11.0
28124,大老板 大老板 大老板,11.0
28125,大老板的娃娃 有个大老板是爸爸,11.0
28126,大老板 大老板,11.0
28127,大老板的爸爸 有个大老板是娃娃,11.0
28128,听好了 我要盖栋楼 建个大商场,11.0
28129,楼盖得高 商场大 就像大香肠,11.0
28130,太阳穴涂点风油精 我比你用心,11.0
28131,墨水换黄金 靠的自己不用我爸帮忙,11.0
28132,不信很好办 不信就等到看,11.0
28133,我把各人镶成金的跟你说钱真好赚,11.0
28134,别墅买 跑车买 婆娘乖 生点崽,11.0
28135,跑得快 脚不崴 一条直线不扯拐,11.0
28136,为了要当大老板 所以说我不怕忙,11.0
28137,等我当了大老板 我就不怕物价涨,11.0
28138,腰缠几个亿走世界 脸上写个爽,11.0
28139,钱说它是我的救星 它能帮我解了放,11.0
28140,钱是所有的 所有的 所有的需求前提,11.0
28141,能无视所有的 所有的 所有的生存建议,11.0
28142,听再多我觉得 我觉得 我觉得也不便宜,11.0
28143,哑巴想唱戏,11.0
28144,你妈不买米的话 早就饿死你,11.0
28145,你妈要买米的话 一斤2块起,11.0
28146,我不想跟米纠缠 因为我想吃鲍鱼,11.0
28147,再拿人参炖根凤凰 鼻血流得像清鼻涕,11.0
28148,不信很好办 不信就等到看,11.0
28149,我把各人镶成金的跟你说钱真好赚,11.0
28442,相信我,11.0
28443,你会克服它,11.0
28444,解开束缚迈出那一步,11.0
28445,你的害怕不会发生这世界照样还有路,11.0
28446,只是走了一条会让自己蜕变的坦途,11.0
28447,你不必担心结果好坏或是找块遮羞布,11.0
28448,我知道你在担心什么,11.0
28449,没关系一切都会过去,11.0
28450,你只要深呼吸就好,11.0
28451,相信我你一定能克服它,11.0
28452,无助的祈求上帝能够让我睡一个好觉,11.0
28453,安定没有安定疗效,11.0
28454,毒雾仍旧身边萦绕,11.0
28455,像个迷失的孩子一样想要迅速寻求依靠,11.0
28456,这感觉就像在我的大脑埋藏了一片火药,11.0
28457,一根引线可能瞬间的将这一切突然引爆,11.0
28458,自我驱动就像被一种神秘的力量感召,11.0
28459,越是感召越是糊涂越是感到了莫名其妙,11.0
28460,习惯了这种弥漫焦虑压抑的味道,11.0
28461,生命总可能因为有它也会变得闪耀,11.0
28462,于是我变得不再萎靡,11.0
28463,生活终于有了生气,11.0
28464,因为这种对抗让我感受到我活着的真正意义,11.0
28465,掌控了自己就像一只掌控了水的鱼,11.0
28466,放空了自己就像放空了布控好的局,11.0
28467,如果这是一段成长必然经受的疼痛经历,11.0
28468,我在用我的行动/和我的意志将这痛苦驱离,11.0
28469,看这世界一切如常还是没有改变,11.0
28470,我已经不再害怕,11.0
28471,我心中的神也没把我庇护的远,11.0
28472,这世界怎么没有卖做艺术的险,11.0
28473,他背后捅刀当面对你义务的舔,11.0
28474,强大了身边难免一堆嫉妒的脸,11.0
28475,喜欢分个高低一般输了就胡闹,11.0
28476,微笑的拥抱我心里一个大写括弧操,11.0
28477,实力强大的人内心怎么可能够浮躁,11.0
28478,冠军头衔都是你让我得到的哎哟喂~,11.0
28479,各种拿样耍范演出但付不起黑车费,11.0
29169,每天醒来世界都在变  但唯有我帅的经典,11.0
29170,灵感取之不尽  开口就拨动你的心弦,11.0
29171,靠天赋赚钱  也尝尽苦辣酸甜,11.0
29172,如今我全国闪现  把你的城市燥到断片,11.0
29173,就任凭潮起潮落  带着钞票漂泊,11.0
29174,你的嫉妒自负  永远不可能找得到我,11.0
29175,谁也改变不了  我的人生我亲自雕琢,11.0
29176,我的气质来自灵魂  它永远不会凋落,11.0
29177,从哪里来又到哪里去,11.0
29178,如何表达我的情绪,11.0
29179,一个小城孩子,11.0
29180,没有上过台子,11.0
29181,用着梦想找情趣,11.0
29182,梦想在这里谱写金曲,11.0
29183,他们尝试交流碰面每个星期,11.0
29184,尝试没有限制没有要求,11.0
29185,不想交球的突破禁区,11.0
29186,慢慢的唱你也慢慢的听,11.0
29187,这首歌的画面感慢慢的品,11.0
29188,车子滑过街道你看窗外,11.0
29189,男男女女笑声都好精彩,11.0
29190,引擎的轰鸣酒杯的碰撞,11.0
29191,刺激着肾脏微醺的症状,11.0
29192,每一盏灯火组成了家,11.0
29193,每一个笑容温暖了他,11.0
29194,每一个漂泊在外的孩子都是等待盛开的花,11.0
29195,女孩儿开始好奇他来自哪儿,11.0
29196,所以跟随脚步慢慢的找,11.0
29197,四周开始清晰 似乎遥远偏僻 却又好似仙境 你听,11.0
29198,这歌声的美妙旋律就在城市的尽头,11.0
29199,许多灯光迷人故事在这里开始并凑,11.0
29200,我似乎开始想他们如今在哪儿,11.0
29201,可能四处漂泊和我一样在这儿,11.0
29202,就算像个孩子可是喜欢一起闹,11.0
29203,整个城市有了你们才会微笑,11.0
29204,每一座城市都有故事,11.0
29205,每一段故事让你爱上都市,11.0
29206,眼神充满希望又或是血丝,11.0
29207,如果贪婪不能节制 嗯哼,11.0
29218,在这尘世间游走或选择留守 清晨到夜幕,11.0
29219,路过的城 一座又一座 天安门到沙漠,11.0
29220,有多少人 一波又一波 或成功或受挫,11.0
29221,艾热和Trouble离开的场景在我脑海永远不会忘,11.0
29222,我和杰尼不再只是Easyboyz,11.0
29223,发誓把这儿变成Hometown,11.0
29224,你还没下定决心成功哪里来的快捷方式,11.0
29225,我尝试几度信任她害得我差点没命,11.0
29226,自我救赎摆脱苦难方能换来荣誉,11.0
29227,又一个十年循环感觉气氛更加熟悉,11.0
29228,我不断写着新歌 从听客到这首新歌,11.0
29229,从青涩再到如今轻车熟路,11.0
29230,这河水变得清澈 清除心魔积累心得,11.0
29231,再次见她真的一见如故,11.0
29232,你问我她是谁 是利刃也是化学元素,11.0
29233,相互 碰撞 摩擦 敌对 make her so cool,11.0
29234,她像个孩子完全信任你会得到欺骗,11.0
29235,但了解背后的故事你会看开眼前一切,11.0
29236,善待她 他将带你找到你的财宝,11.0
29237,深爱她 你将会和时间不断赛跑,11.0
29238,认真对待她是对她最基本的礼貌,11.0
29239,毁灭他的你会成为历史长河中的记号,11.0
29240,做事像高傲的狮子做人像低调的蛇,11.0
29241,隐藏在丛林或山谷出没在阴暗沼泽,11.0
29242,人生不依靠占卜更不怕路人指责,11.0
29243,纯洁的心脏永远不怕被那污水腐灼,11.0
29244,Listen to the wind son它呼啸而过,11.0
29245,一颗躁动的心一双眼神一种执着,11.0
29246,你即将经历一次痛苦一次大的失落,11.0
29247,包括一个相反世界“日出而息日作而落”,11.0
29672,但是不能辜负身边的人给予我的期望,11.0
29673,昨晚梦中看到的人是我自己吗 我希望,11.0
29674,没错还是那个孩子根本没有一点成就,11.0
29675,但是也没经历什么挫折使我不能承受,11.0
29676,生老病死的过程我们迟早会,11.0
29677,就算世界末日来了也要排好队,11.0
29678,没人会知道这世界合十被粉碎,11.0
29679,上一秒的美好下一秒就放下坠,11.0
29680,相信我生爱的人还有爱我的人会再,11.0
29681,跟我一起存活下去不管针扎的多疲惫,11.0
29682,我们都是最坚强的灵魂最坚硬的骨头,11.0
29683,我一直都坚信现在问你对不对,11.0
29684,每当我们汇聚在一起的时候,11.0
29685,那就根本没有任何事物能将我们给击溃,11.0
30330,勒些啥子不好的事情都少来,11.0
30331,看我如何打好手上这副好牌,11.0
30332,要穿好衣 要开好车,11.0
30333,要搬进大的别墅,11.0
30334,三分天定 七分打拼,11.0
30335,演好自己的节目,11.0
30336,嘿嘿 look at me,11.0
30337,我出身平凡没得好命,11.0
30338,嘿嘿 不说勒些,11.0
30339,再大的困难我自己搞定,11.0
30340,这个世界千变万化,11.0
30341,就像是座魔方大厦,11.0
30342,每天醒来事情太多了,11.0
30343,遇到困难千万不要害怕,11.0
30344,从来不信命 我只信我自己,11.0
30345,生活要开心 打消所有顾虑,11.0
30346,从来不信命 我只信我自己,11.0
30347,进取又上进 做更优秀的自己,11.0
30348,每天都在忙忙碌碌,11.0
30349,为了生活反反复复,11.0
30350,黑眼圈也越来越多,11.0
30351,为了挣钱他不管不顾,11.0
30352,其实没得必要那么的忙,11.0
30353,给自己放个假到处去逛,11.0
30354,开心从不需要哪个允许,11.0
30355,好运锦鲤时刻在你身旁,11.0
30356,挖心思一直在摸 睡很晚起的太早,11.0
30357,宝剑锋从磨砺出 梅花香自苦寒来,11.0
30358,车到山前必有路 有路必有好运来,11.0
31009,一条路,11.0
31010,一个人,11.0
31011,一个梦,11.0
31012,一声致谢,11.0
31013,撕开了黑夜只为找到光的世界,11.0
31014,是否也一样枕头里藏满了发了霉的梦,11.0
31015,信誓旦旦说的每句话可一句都不剩,11.0
31016,被骂都不碰 不知道他还在不在,11.0
31017,当我拿起麦的时候发现感觉还不坏,11.0
31018,花光了所有积蓄是因为我不想成为拷贝机器,11.0
31019,黑暗之中的光芒,11.0
31020,赐我无限的力量,11.0
31021,是你给我的信仰,11.0
31022,指引我找到方向,11.0
31023,就像张开的翅膀,11.0
31024,飞往永恒的天堂,11.0
31025,经历了辗转反侧内心却还是忐忑,11.0
31026,不安的每刻迫使我从不敢听下懒惰,11.0
31027,思维从脑海闪过拿起笔条件反射捕获下所有的经过因为不想浪费每时每刻,11.0
31028,从不给人生留下遗憾,11.0
31029,路还没走一半,11.0
31030,梦想不移换不习惯 如灵感从不离散,11.0
31031,也有过低落想起种种衣食无忧,11.0
31032,想平凡了此余生为何梦里喋喋无休,11.0
31033,我走的每一处每一路每一步都终将成为动力,11.0
31034,身上的每道疤每道痂施加梦想重力,11.0
31035,开始明白失败后他拍我肩膀的用意,11.0
31036,用力的追寻 我想要的 不仅需要勇气,11.0
31037,路是你自己的走好你每一步永远都别回头别去难过,11.0
31038,黑暗之中的光芒,11.0
31039,赐我无限的力量,11.0
31040,是你给我的信仰,11.0
31041,指引我找到方向,11.0
31042,就像张开的翅膀,11.0
31043,飞往永恒的天堂,11.0
31604,这首歌在这里写下是为了表明我的决心,11.0
31605,把思想放进歌词里是让他更加动听,11.0
31606,流下的汗水在某一天会凝结成为结晶,11.0
31607,保持信念记住你的名字跟成功谐音,11.0
31608,最后请记住我的名字 y e z,11.0
31609,想成为一个真的rapper我会努力十倍,11.0
31610,告诉自己已经没有东西可以再去浪费,11.0
31611,怀抱着坚持入睡 直到品尝到成功的滋味,11.0
31612,边拥有边失去着,11.0
31613,让你分清谁是真是假,11.0
31614,你坐旁边 手机充电,11.0
31615,你的注意力 又终于回到我这边,11.0
31616,每次约会我会提前准备,11.0
31617,但是一低头你不时check your phone,11.0
31618,何时我才能够bring you home?,11.0
31619,你即使明白 也装作不顾,11.0
31620,究竟你想要得到什么 我都会想give it to you,11.0
31621,厌倦你的忽热忽冷,11.0
31622,让你分清谁是真是假,11.0
31623,Got your girl in my ride全都认识我,11.0
31720,不断冲刺又冲刺为左叱咤风云,11.0
31721,当美国舞台出现第一个中国人,11.0
31722,无人再敢系你面前自称距就系神,11.0
31723,你热爱祖国所以你选择翻到香港,11.0
31724,每日饮茶食包穿梭于大街小巷,11.0
31725,就算你戴帽 想保持低调都好,11.0
31726,就算评论再多嘲笑比无数人踩,11.0
31727,系你口头蝉,11.0
31728,所以无论你将形象如何改变,11.0
31729,没有人会忘记你一直对中国的贡献,11.0
31730,从美国再到china,11.0
31731,改变的不止成长,11.0
31732,重要的是能够逃离压制hiphop的魔掌,11.0
31733,一切从零开始,11.0
31734,从内个故事开始,11.0
31735,从他跟其他孩子说我喜欢爸爸开始,11.0
31736,尽管往前走,11.0
31737,hiphopman的精神没有人能把它带走,11.0
31738,由你带动的氛围,11.0
31739,就像向日葵,11.0
31740,趁着阳光支持只有慢慢开花不会下垂,11.0
31741,即使被朋友嘲笑也不会轻易颓废,11.0
31742,多少人一路上 经历的挫折太多,11.0
31743,包括自己也曾感到想要退缩,11.0
31744,直到我想到了你,11.0
31745,想放手证明自己,11.0
31746,相信通过努力也能够像你一样留下字迹,11.0
31747,不管遇到这么多破事,11.0
31748,全部都pass不予理睬,11.0
31749,想要的生活自己来主宰,11.0
31750,不断的超越自己被世人熟知还在拼命学习,11.0
31969,如果我还剩下选择的权利 可不可以让我留下仅有的伪装,11.0
31970,太伪善的人 和紧闭的门 全都被 封锁在 罪恶的城,11.0
31971,如果机会让我从头来过 这次选择毕露锋芒不让天赋埋没,11.0
31972,可知道做梦容易现实却很难 肩上责任很重想找人分担,11.0
31973,直到卸下了铠甲才明白所有承受过的痛来自于真伤,11.0
31974,没经历过的人又怎么会懂 经历过的人有时也会痛,11.0
31975,如果没被困在五指山下五百年又怎会变得广大神通,11.0
31976,握紧风中的雨 还有空中的你 再大阻碍也要拿起手中的笔,11.0
31977,要做到不鸣则已 完美到彻底 不论多少人离开我依旧会在这里,11.0
31978,如果这世界没有黑暗 不会有人知道光亮去向,11.0
31979,如果没舞台让我去唱 梦想和现实哪会有羁绊,11.0
31980,oh god damn我撕心裂肺的呐喊你是否会为我骄傲,11.0
31981,我学会面对得失 学会了困难面前微笑,11.0
31982,正当我踏入征途四处碰壁跌跌撞撞,11.0
31983,迷失了黑暗中的方向继续寻找光亮,11.0
31984,正当我踏入征途四处碰壁跌跌撞撞,11.0
31985,迷失了黑暗中的方向继续寻找光亮,11.0
31986,他们总是说back to old school,11.0
31987,我说我们应该活在true school,11.0
31988,张嘴了 每个字都该掷地有声,11.0
31989,想飞的 那几位都该被录口证,11.0
31990,灵感靠不住要靠技术,11.0
32044,my future 在我视线永远都看得见 all right,11.0
32045,关于我自己 没有不可以,11.0
32046,我把双手合十然后握紧拳头,11.0
32047,带着梦想打拼想把一切拥有,11.0
32048,我快你慢敲打生活节奏,11.0
32049,从始至终要把人生旋律追求,11.0
32050,我贴心设计我所在的每一天,11.0
32051,让结果按照我说过的都实现,11.0
32052,my future 在我视线 永远都看得见 all right,11.0
32053,已经走了这么远 走了这些年,11.0
32054,你的眼里只有一团热情 没有金钱,11.0
32055,它是你的梦 同样也是你的痛,11.0
32056,现在想要找你喝酒 却不知你的行踪,11.0
32057,你 教会我们团结 说它是必胜口诀,11.0
32058,让我善待同学 因为你感受过毕业,11.0
32059,也许这个圈子再也不会 有人这么敬业,11.0
32060,再也不会有个胖子这样付出心血,11.0
32061,从水手到我爱北京 到留给了你什么,11.0
32062,你的歌不多 但是大家印象深刻,11.0
32063,从团1团2团3 到东北唇枪舌剑,11.0
32064,你带领我们走过 这功劳清晰可见,11.0
32065,和尚 从来没有叫你一声哥,11.0
32066,因为你的幽默 和特有的亲和,11.0
32067,但是Shift6的兄弟永远不会忘记你,11.0
32068,就像以前说的永远 都会管你,11.0
33044,就绽放生命的花朵 记忆像花火,11.0
33045,最近很少在发火 时间在到处抓我,11.0
33046,欲望在火上浇油 homie总是陪我消愁,11.0
33047,管他英雄还是枭雄需要多些沟通和包容,11.0
33048,其实也没什么大不了的 也都已经老大不小了,11.0
33049,当我跨过了这条小河 你我的恩怨也该要了了,11.0
33050,可那麻烦总不会停止 就让这列车继续行驶,11.0
33051,别指望天上能够掉馅饼 低头发现自己快掉陷阱,11.0
33052,别活在对过去的悼念里 错过的就留在那句抱歉里,11.0
33053,我拿辛苦换来的金钱 没金钱留不住的姻缘,11.0
33054,恰巧揭开我的心结 幸运天平在像我倾斜,11.0
33055,所有的事情都有保质期 等待着好时机,11.0
33056,想掌握生活像是个老司机,11.0
33057,最近都睡过九点 起床就听到homie的留言,11.0
33058,肯定是老天有眼 让我和兄弟都有头有脸,11.0
33059,感谢爸妈 我的生日就是礼物,11.0
33060,包容我的任性 对你们的抵触,11.0
33061,我的生命是你们给我的礼物,11.0
33062,试着用他在世上留下笔触,11.0
33063,希望我的歌是所有人的礼物,11.0
33064,写着一个野孩子好坏的笔录,11.0
33065,所有经历是这上天给的礼物,11.0
33066,成功和失败之间也没差几步,11.0
34103,外面的钱在等你,11.0
34104,把自己拥有的思维合成想法变成实际,11.0
34105,我有Hiphop的态度 不需要来跟你握手,11.0
34106,我终于等到今天 把这文化带出ghetto,11.0
34107,我有Hiphop的态度 不需要来跟你握手,11.0
34108,我终于等到今天 把这文化带出ghetto,11.0
34109,曾经我也让生活停在原地,11.0
34110,就好像演戏 用药物和酒精麻醉自己,11.0
34111,模糊了视力 只会让你和世界更加脱离,11.0
34112,谁都曾犯过错 谁都曾不关心日历,11.0
34113,生活像一场仗 不能选择投降,11.0
34114,干掉你周围那些loser 你要当领头羊,11.0
34115,前面的风浪 是否会轻易把你摇晃,11.0
34116,但我还依然握着麦克风用中文说唱,11.0
34117,有梦就去做 别光说 人时间不多,11.0
34118,多少个十年 能够让你这样来挥霍,11.0
34119,多少人失眠 希望自己能从头来过,11.0
34120,你剩的棋子已经不多 不能再走错,11.0
34121,从前的90后 现在需要独自奋斗,11.0
34122,放下那幼稚的童年 为了生活战斗,11.0
34123,而总有一天 这世界需要我们来接手,11.0
34124,别再找借口 别再说你什么都没有 你什么没有,11.0
34125,每个人的生活都会有不同的追求,11.0
34126,不同的对手 每天在作不同的决斗,11.0
34127,不同的决定 所以你我走不同的路,11.0
34128,乍眼看去那千山万水 但谁又在乎,11.0
34129,不必看低自己 别怕失败,11.0
34130,有很多事阻挡着你 一步步来,11.0
34131,你犹豫什么 你害怕什么,11.0
34132,他们都算什么 so let's go,11.0
34202,但我很努力 和你们都一样,11.0
34203,为自己鼓励 走的越来越高,11.0
34204,我像没长大的孙悟空 想要大闹这天宫,11.0
34205,可是还没想到我会是 那因为功力还不够,11.0
34206,难道是我太傻太笨 还是脑子不够用,11.0
34207,不要 try me,11.0
34208,我听见来自身边的几个声音,11.0
34209,来自暗处盯着我的眼睛,11.0
34210,我是牛仔在马上吹着口琴,11.0
34211,但大部分时间都吹给马听,11.0
34212,但我坚持要走过这吃人的沙漠,11.0
34213,为绿洲我拼了命,11.0
34214,保护我自己的音乐 不停地超越,11.0
34215,全身都用上劲,11.0
34216,当我驰骋在风中 飞行在空中,11.0
34217,他要我接地气,11.0
34218,我只写我的词 只唱我的歌,11.0
34219,你想让我听话 你是疯了吧,11.0
34220,想操控我 不要命了吧,11.0
34221,今天相信你 明天相信他,11.0
34222,Sorry 都别说话,11.0
34223,到底谁能告诉我,11.0
34224,什么叫做音乐的有缘人,11.0
34225,但我明确地告诉我自己,11.0
34226,你做的音乐要有灵魂,11.0
34227,每次给我打电话 不是说废话,11.0
34228,就是半天你都不挂,11.0
34229,别说你是为我好 背后又一套,11.0
34230,为你自己才最重要,11.0
34231,现在 给我听好了,11.0
34232,我会爆炸 他们叫我 monster,11.0
37031,耗费掉半数青春寻找我的伊莎贝尔,11.0
37032,藏匿在梦想终点 冬眠三个月灿烂,11.0
37033,时光绽放之后便是终年又一个公元,11.0
37034,最后的结局依然 waiting you,11.0
37035,古老的传说相信 maybe true,11.0
37036,I do it 从来没后悔过 没错,11.0
37037,行动光明磊落 为何要为过去悔过,11.0
37038,变成明星 非常幸运 此刻的情景,11.0
37039,我的心情 无法平静 放歌来听听,11.0
37040,来申请加我好友的消息,11.0
37041,被屏蔽被清理,11.0
37042,Young soldier 见面都会主动敬礼,11.0
37043,出发点纯粹 我正在准备,11.0
37044,要创造的价值比珠宝钻石还珍贵,11.0
37045,从天地会到 CDC一步步成为,11.0
37046,这座城市最火的 rapstar 影响全人类,11.0
37047,但看不起我的人,11.0
37048,还是在旁边继续泼我冷水,11.0
37049,没经历过失败不能够称作完美,11.0
37050,就算被酒精灌醉 没有能力还嘴,11.0
37051,大丈夫一言既出驷马难追绝不反悔,11.0
37052,发誓必须要做到 number one,11.0
37053,像个战士一样活着枪里装着弹,11.0
37054,Isabellae 请告诉我 应该怎么办,11.0
37055,它回答我说一切就让时间来审判,11.0
37056,我打开 我打开 我打开打开微信,11.0
37057,朋友圈出售名牌包衣服有卖貂皮,11.0
37058,心灵鸡汤的作用基本为零对于你,11.0
37059,赚钱的机会只给我不给你没时间,11.0
37391,弱肉强食国际的惯例,11.0
37392,还站在原地看我远去,11.0
37393,发自内心的我可怜你,11.0
37394,我拼了命的改变命运,11.0
37395,就像个雇佣兵拿到了雇佣金,11.0
37396,Ha 局势已经被我逆转 ha,11.0
37397,我早就说过我有预感,11.0
37398,Ha 睡在床上 却又不能入眠,11.0
37399,开始怀念 录音棚的地板,11.0
37400,两三点钟 想填饱肚子我会切七一一,11.0
37401,在我眼中 最美味可口的全装进包包,11.0
37402,我胃口太大 全都能装下 自己都感到害怕,11.0
37403,不担心敲诈 还非常便宜 全靠实惠的卖价,11.0
37404,把便当给我加热 用准确时间加热,11.0
37405,我一般喝矿泉水 穿的是underfeated,11.0
37406,张张嘴 美食你相当美 味道就像香水,11.0
37407,有日本的饭团和泰国的泡面让我神魂颠倒,11.0
37408,都摆在了面前不会让你抱歉美味可以担保,11.0
37409,买 蛋糕还是买汉堡 被 选择恐惧症干扰,11.0
37410,毛了我都买 反正我有钱 那再加一份煎饺,11.0
37411,每天去7-11 X 8,11.0
37412,琳琅满目的灵感像收银机塞满钞票,11.0
37413,ye my honey嫌我苗条成电线杆发歌完海尔都睡不着觉,11.0
37414,披上了羽绒服下身穿沙滩裤洛杉矶穿法在店里摇摇,11.0
37415,再等到两点半送货的车震完可乐被放进微波炉加热,11.0
37416,举起柠檬水伏特加龙舌兰来庆祝明天的演出完钱又发了,11.0
37417,夜里吃宵夜会长胖 我500斤都比你拿样,11.0
37418,从来不减肥 我们像劫匪 大包小包711里吹口哨,11.0
37419,打嗝像雷一样响亮 收银员屁都不敢放,11.0
37420,吓的他脸色煞白 我戴起面罩还有migos一样的产量 MD发歌,11.0
37421,时间 不够用 我的每天安排都很饱满,11.0
37422,街边边 混到studio 目标成为唱片公司老板,11.0
37423,我们产量高 写歌染上瘾 海尔兄弟工作不分早晚,11.0
37424,没空出去耍 没空看电影我的女朋友都对我相当反感,11.0
37425,但seven eleven 我每天都切 补充了精力好继续熬夜,11.0
37426,加热个盒饭再配一杯热饮花五分钟把它们带回巢穴,11.0
37427,除了吃饭睡觉写歌makeing beat 其他批事都是多余,11.0
37428,收银员的嘴巴笑来捂到起 原来他是我们歌迷,11.0
37429,24/7 这就是我们的最大的区别,11.0
37430,24/7 我手下的败将们前途是漆黑,11.0
37431,seven eleven 补充我能量又打了针鸡血,11.0
37432,seven eleven 把分店从东南亚开到了西北,11.0
37433,每天去7-11 X 8,11.0
37434,麻烦请你给我一台新的 astonmartin woh,11.0
37435,哥不喜欢 maserati 给我 astonmartin,11.0
37436,从小到大梦想就是开上 astonmartin,11.0
37437,哥老倌都开个马丁,11.0
37438,后备箱里的人刚醒,11.0
37439,办事给钱才会帮你,11.0
37440,拿回属于我的奖励,11.0
37441,Holle astonmartin 副驾驶的 honey,11.0
37442,坐标桐梓林停车场 higher brothers coming,11.0
37443,我想当个将军 在战场数着 money,11.0
37444,My 手腕戴卡地亚在舞池弹着钢琴,11.0
37445,把一百二十万英镑,11.0
37446,皮筋捆紧放进手提箱,11.0
37447,排队的哪怕有全球只限量77 辆,11.0
37448,过弯快抓紧门把手,11.0
37449,带你感受用力踩油门,11.0
37450,敌人和敌人要联手,11.0
37451,也不为这种问题而头疼,11.0
37452,波派有多爱吃菠菜,11.0
37453,奥利佛对他就多爱,11.0
37454,声音辨别速度多快,11.0
37455,像受到高压的锅盖,11.0
37456,三百五十公里多快,11.0
37457,名媛脱内衣就多快,11.0
38138,我保持全身心的投入,11.0
38139,全身心真情流露,11.0
38140,全身心只有前进,11.0
38141,没有留半分的后路,11.0
38142,为了成功能累到呕吐,11.0
38143,也接受失败的羞辱,11.0
38144,我接受一切可以成功的方式,11.0
38145,除了跪着走路,11.0
38146,我配得上我所拥有的,11.0
38147,靠的是行动不空吼,11.0
38148,我不光动口还动手,11.0
38149,工作到深夜不是梦游,11.0
38150,把细流壮大成了洪流,11.0
38151,为了今天把阻碍都冲走,11.0
38152,看我把阻碍冲走,11.0
38153,你目瞪口呆了吧？,11.0
38154,朋友,11.0
38155,我要赢的让人心服口服,11.0
38156,我会赢的让人心服口服,11.0
38157,我会赢的让人心服口服,11.0
38158,看着我和成功情同手足,11.0
38159,出入森林深处的夜晚,11.0
38160,最老练的猎人看到我都要吓碎胆,11.0
38161,他们的喊叫声在天空中不停回转,11.0
38162,你听得最多的是,11.0
38163,因为遇到了野兽,11.0
38164,内心不能接受,11.0
38165,换成是你也吼,11.0
38166,这种品种的野兽,11.0
38167,肤色是yellow,11.0
38168,遇到了你也吼,11.0
38169,羊群不是我归宿,11.0
38170,抬头走进下个维度,11.0
38171,力量就是我的退路,11.0
38172,勇猛只是为了活得不委屈,11.0
38173,为了生存互相追逐,11.0
38174,自然的法则,11.0
38175,自然在维护,11.0
38176,我不是猎人,11.0
38177,也不想当猎物,11.0
38178,野兽这个身份让我活得更美丽,11.0
38179,牙齿磨得锋利,11.0
38180,随时准备攻击,11.0
38181,爪子不抓空气,11.0
38182,喊我移动的凶器,11.0
38183,云涌因为风起,11.0
38184,地动需经过我同意,11.0
38185,不得任何的东西,11.0
38186,能够承受我的冲击,11.0
38187,我的眼睛就像夜明珠,11.0
38188,照亮了眼前世界,11.0
38189,特别清楚,11.0
38190,张嘴能吞山咽海,11.0
38191,特别醒目,11.0
38192,粒粒皆幸苦,11.0
38193,野兽,11.0
38194,出入森林深处的夜晚,11.0
38195,最老练的猎人看到我都要吓碎胆,11.0
38196,他们的喊叫声在天空中不停回转,11.0
38197,你听得最多的是,11.0
38198,因为遇到了野兽,11.0
38199,内心不能接受,11.0
38200,换成是你也吼,11.0
38201,这种品种的野兽,11.0
38202,肤色是yellow,11.0
38203,遇到了你也吼,11.0
38204,努力推进我的速度太快,11.0
38205,没人比,11.0
38206,如影随形,11.0
38207,风力变成大自然的兴奋剂,11.0
38208,塔利班的狠,11.0
38209,外加中情局的洞察力,11.0
38210,通关所有,11.0
38211,食肉动物下一步跟子弹比,11.0
38212,我在找意义,11.0
38213,我的动力多,11.0
38214,不只有人民币,11.0
38215,我像头黑夜里的豹子,11.0
38216,面对狼群冲进去,11.0
38217,狼群攻击我的身体,11.0
38218,并想吞并我的自由,11.0
38219,我在草原正中间吼,11.0
38220,把皮肤换成金的,11.0
38221,獠牙换成金的,11.0
38222,爪子换成金的,11.0
38223,我也拼了命的,11.0
38224,唱你现在听的,11.0
38225,软的也有硬的,11.0
38226,一直到不停的兴奋起来,11.0
38227,把远的扯到近处,11.0
38228,就实现了进步,11.0
38229,坚持我的拼图,11.0
38230,拼出我的音符,11.0
38231,其他的自己领悟,11.0
38232,我地盘千金不换,11.0
38233,出入森林深处的夜晚,11.0
38234,最老练的猎人看到我都要吓碎胆,11.0
38235,他们的喊叫声在天空中不停回转,11.0
38236,你听得最多的是,11.0
38237,因为遇到了野兽,11.0
38238,内心不能接受,11.0
38239,换成是你也吼,11.0
38240,这种品种的野兽,11.0
38241,肤色是yellow,11.0
38242,遇到了你也吼,11.0
38243,通通 LET IT GO,11.0
38646,我的兄弟伙在楼底下给我点了外卖,11.0
38647,这信号不好莫得wifi,11.0
38648,好男人是我 但我不叫曾小贤,11.0
38649,通常初次见面我会腼腆别说你讨厌,11.0
38650,总是会有人会觉得看我超级不顺眼,11.0
38651,但是那些女孩都说这个男生超正点,11.0
38652,HEY 就让我说你猜 但你始终猜不到,11.0
38653,就像你想不通你的钞票一天比一天少,11.0
38654,注重内在和外表 我是年轻优秀的代表,11.0
38655,喊我年轻优秀,11.0
38656,给我再多都不够,11.0
38657,所以不要大惊小怪不要小看了90后,11.0
38658,一般搭讪女生脸皮要比任何人还厚,11.0
38659,可以稳重 可以幽默甚至 可以变小朋友,11.0
38660,不管白天还是黑夜一样 需要过的精彩,11.0
38661,STOP 拒绝奢侈的名牌,11.0
38662,想要变得年轻优秀最重要是摆正心态,11.0
38663,当然人群中间还是只有我最受到青睐,11.0
38664,HEY 小姐你好 请你喝一杯咖啡,11.0
38665,HEY 在这之前麻烦先亲嘴,11.0
38666,快乐的小Ty.,11.0
38667,骄傲着个性看谁都是小屁孩,11.0
38668,别做我朋友拿开你的好利来,11.0
38669,我现在只想跟着音乐摇起来,11.0
38670,我好期待,11.0
38671,快乐的小Ty.,11.0
38672,骄傲着个性看谁都是小屁孩,11.0
38673,别做我朋友拿开你的好利来,11.0
38674,我现在只想跟着音乐摇起来,11.0
39077,长这么大喱人咯思想被灌输一啪啦,11.0
39078,叽里呱啦从学校到家从老师再到妈妈爸爸,11.0
39079,要当乖娃娃哈 思想不要邋遢,11.0
39080,不然小心要着祖国妈妈故意洗澡搓成夹夹,11.0
39081,要晓得啥子可以讲咋个讲啥子不能讲,11.0
39082,要晓得谈吐要用那个你晓得错哩思想,11.0
39083,所以有些事要让就让你不要犟,11.0
39084,有些事哩傻该装要装你不要正正方方,11.0
39085,你不要紧到扭 没用 要跟到走,11.0
39086,别个喜欢左撇子你就不要用右手,11.0
39087,总是那么忧国忧民你又能咋子,11.0
39088,我给你哩建议就是该干啥子干啥子,11.0
39089,不是你哩问题你就不要切管偷点懒,11.0
39090,能力有限跑切逞英雄哩瘪瘪死得惨,11.0
39091,吃饱咯一天莫的事切管腐败管贪官,11.0
39092,如果世界是棋盘棋手是集团,11.0
39093,那像我们这些人嘛连棋子都不算,11.0
39094,那是啥子我告诉你是棋盘上哩灰,11.0
39095,要是太显眼哩话你娃就只有遭吹,11.0
39096,所以夹起尾巴做人哎呀少切管点闲事,11.0
39097,你死一千次一万次你都赢不到权势,11.0
39098,我哩座右铭就是 管我锤子事,11.0
39099,李刚父子咋个判管我锤子事,11.0
39100,当然批判哩歌我还是要写因为好耍,11.0
39101,啥子类型哩歌我都要写就因为好耍,11.0
39102,所以下次看我抨击啥子都是写起耍哩,11.0
39103,我歌里头哩忧愁愤怒 都是假哩,11.0
39104,我该要想哩就是咋个把歌唱哩好听,11.0
39105,我该要想哩就是咋找工作咋个淘金,11.0
39106,我该要想哩就是我要咋个才好耍,11.0
39107,哦 对咯 我是乖娃娃要报效国家,11.0
39108,自己走你的路,11.0
39109,这次不是故意耍酷,11.0
39110,请下车自己走你的路 skrr skrr,11.0
39111,时间在催促 在催促,11.0
39112,当我说我们已经错过我可不是在比喻,11.0
39113,我不像机器 过去那些都像在演戏,11.0
39114,让我静静 自己理理 需要喘口气,11.0
39115,oh 锤子 只有看完我唱歌你才想上车,11.0
39116,你觉得 说唱就是那种去炫耀的象征,11.0
39117,别怪我说了实话 因为拿你没有办法,11.0
39118,woo 你从不感谢 从不感谢,11.0
39119,woo 只说要这些 要那些,11.0
39120,不过我说的都是所谓的琐碎,11.0
39121,事已至此都已无了所谓,11.0
39122,自己走你的路,11.0
39123,这次不是故意耍酷,11.0
39124,请下车自己走你的路 skrr skrr,11.0
39125,时间在催促 在催促,11.0
39277,很荣幸我能够站到中间代表东边逐渐走向世界,11.0
39278,万事都只欠了东风,11.0
39279,歌词在空中,11.0
39280,跟着flow就能飘很远,11.0
39281,从来都不缺 动力 反抗地球重力,11.0
39282,就算现在穷现在两手空空 反复碰壁,11.0
39283,我有信心 信心爆棚到你无法统计,11.0
39284,等到看戏的莫慌,11.0
39285,我才练到两层功力,11.0
39286,我可不是可笑的角色,11.0
39287,也不需要被哪个旁白,11.0
39288,偏执而且强烈,11.0
39289,这张mixtape 足以让那些自大的家伙闭嘴,11.0
39290,我们水平不匹配,11.0
39291,面对我请你放下天真的以为,11.0
39292,请你来 fly with me with me,11.0
39293,no homie不要说我稳定,11.0
39294,我像是有颜色的试管,11.0
39295,下一秒变成出膛的子弹,11.0
39296,速度快到让你看不见,11.0
39297,精准绝对不会偏的flow 把这个节奏吃满,11.0
39298,我的歌让四川话和普通话有了英文的质感,11.0
39299,透露他们被所谓欧美勒套路给规定,11.0
39300,再也分不清南北只晓得把流行尾行,11.0
39301,hey哥们儿你们是否真是来自同一街区,11.0
39302,连口音都很接近,11.0
39303,要独特 变成集体游行时喊的口号,11.0
39304,要不得 说唱歌手吸引人咋要靠舞蹈,11.0
39305,要负责 为了hiphop前进时 莫得阻挠,11.0
39306,懒懒散散 缓缓慢慢 三环堵满满瘫痪,11.0
39307,没人管管 方向盘盘反转 路过边边的摊贩,11.0
39308,城管撵摊摊 挑担担 躲闪闪 跑远远 路人观战,11.0
39309,平淡淡的街边饭馆也能把你烦乱的感官关断,11.0
39310,不单单是灌翻官宦的官宴,11.0
39311,不管你冠冕的观念,11.0
39312,天天辗转不是关键的关键,11.0
39313,说得简短这个夜晚忧喜参半,11.0
39314,先找晚饭 参观的时间短暂,11.0
39315,音乐翻翻点点选选,11.0
39316,路上谈谈 气温渐渐暖暖,11.0
39317,我坦坦然地点燃杆,11.0
39318,杆杆燃完 吐了圈圈 淡淡飘散 变泛泛健谈,11.0
39319,行驶得缓缓 车轮转转 长路漫漫 红星闪闪,11.0
39320,看看玩板少年翻坎坎后 把肩上的灰担担,11.0
39321,城市远观像影院的展板 开演不晚点一转眼,11.0
39322,院前斑驳老单元,11.0
39323,闪现我童年的欢颜,11.0
39324,天真烂漫 打闹攀岩,11.0
39325,但愿不反感 官员贪婪般贪玩,11.0
39326,简简单单是我钻研,11.0
39327,翻篇反叛的三年 饱含酸甜,11.0
39328,在天边湛蓝 蔓延似甘泉,11.0
39329,赞叹锦官城绚烂斑斓,11.0
39330,一转眼 时间变幻变迁,11.0
40077,代表着我的立场 属于这里的荣耀,11.0
44006,就是学不会 变通,11.0
44007,就是剑走 偏锋,11.0
44008,这次换我 先冲,11.0
44009,我来做 先锋,11.0
44010,我想爬到巅峰 你们爬烟囱,11.0
44357,让你一直保持冷静,11.0
44358,你会遇到很多新的选项,11.0
44359,你无法想象,11.0
44360,其实很多事情都是假象,11.0
44361,你不能怎样,11.0
44362,那些金曲奖的奖项,11.0
44363,都是旧时代的榜样,11.0
44364,其实不拿也不怎样,11.0
44365,08 依然巡回演唱,11.0
44366,记得心存感激,11.0
44367,记得祷告,11.0
44368,即使再强的人,11.0
44369,灵魂需要被神拥抱,11.0
44370,照顾身体健康,11.0
44371,不要嫌我老套,11.0
44372,那个很酷的女孩,11.0
44373,希望你有天也会找到,11.0
44374,学会战争 学会取舍 不要害人,11.0
44375,现在才懂,11.0
44376,最强大的力量是去爱人,11.0
44377,爬得越高身段放得越低,11.0
44378,会吠的狗不攻击,11.0
44379,难在赢要如何谦虚,11.0
44380,十年最大的阵仗,11.0
44381,告诉你的团员,11.0
44382,我们最后打了胜仗,11.0
44383,但要了解会有痛苦在这路上,11.0
44384,还有永远不要忘记你来自木栅,11.0
44385,我想要见到大场面,11.0
44386,大家知道了又如何,11.0
44387,台下千万张的脸,11.0
46151,歌照唱舞照跳我笑住照做,11.0
46152,不可不反抗 不想活在胯下,11.0
46153,路見不平 我拔FLOW相助,11.0
46154,路見不平 我拔FLOW相助,11.0
46155,失業大兵情形手停口停,11.0
46156,路見不平 我拔FLOW相助,11.0
46810,社会主义国家人民地位高,11.0
46811,反动派被打倒,11.0
46812,帝国主义夹着尾巴逃跑了,11.0
46813,全国人民大团结,11.0
46814,掀起了社会主义建设高潮,11.0
46815,建设高潮,11.0
46816,共产党是人民的好领导,11.0
46817,全心全意为了人民立功劳,11.0
46818,坚决跟着共产党,11.0
46819,要把伟大祖国建设好,11.0
46820,建设好,11.0
46821,社会主义江山人民保,11.0
46822,江山人民人民江山坐得牢,11.0
46823,反动派想反也反不了,11.0
46824,社会主义社会保 人民江山坐得牢,11.0
46825,反动派想反也反不了,11.0
46826,共产主义社会一定来到一定来到,11.0
46827,中国制造才是最帅的,11.0
46828,中国的说法才是你最爱的,11.0
46829,无数个经典的诞生不过无心插柳,11.0
46830,不做到前无古人后无来者誓不罢休,11.0
46831,我的政治和rules不用谁来插手,11.0
46832,Niggaz Wit Attitudes成立在1986,11.0
46833,做事很嚣张 为人很低调,11.0
46834,下一秒什么动作总出乎你意料,11.0
46835,四个音调配合双押韵的技巧,11.0
46836,Hip-Hop是我的标签和生活的基调,11.0
46837,我说唱很暴力打得你直喷鼻血,11.0
46838,没有相同的信仰 只有对先烈的敬仰,11.0
46839,谁能阻挡我扩大在亚洲的影响,11.0
46840,在这片领域我目中无人 无所不能,11.0
46841,富贵不淫 贫贱不移 无所不及 出其不意,11.0
46842,忠贞不渝 自强不息 修炼出八块腹肌,11.0
46843,临危不惧 宁死不屈 我饶舌至死不渝,11.0
46844,我学不会那行云流水 龙飞凤舞的书法,11.0
46845,童声饶舌的怪咖 就像出自山海经,11.0
46846,却不过是个爱打麻将的平民百姓,11.0
46847,I represent China 让世界学中文,11.0
47345,wow 新一代山东响马LS2H,11.0
47346,Represent山东和我兄弟泰山饮酒对诗,11.0
47347,白手起家 和Homie团结一心肝胆相照,11.0
47348,Flow从子弹evolution成枪炮,11.0
47349,Eh 泰安 青岛 潍坊 济南 兄弟布满齐鲁之地,11.0
47350,I love my city love my crew My bro都在我身后祝我一臂之力,11.0
47351,My province we fight for it让野火烧的更加肆意,11.0
47352,对各位说声抱歉,11.0
47353,饭碗都被我抢掉 还有什么理由不靠边,11.0
47354,用老练的技巧 和 强劲的energy勾兑,11.0
47355,用实力立足像中国乒乓球队,11.0
47356,Eh 要做到 0 to 100,11.0
47357,就算是妹子们围成圈我们也都不会搭理,11.0
47358,We are hustling 每天忙完都疲惫,11.0
47359,Yeah yeah 忙着把Hater击溃,11.0
47360,LS2H 要站到更高峰的位置,11.0
47361,快把沿途的垃圾给清理 now we clear,11.0
47362,要付出100％的努力团队从小做到大,11.0
47363,0 to 100碰到再多困难我们都不怕,11.0
47364,听这首歌的妹子身材好 辣,11.0
47365,突破你每个防守赢得competition,11.0
47366,LS2H 给你新的vision,11.0
47367,认真听我们的歌 关掉television,11.0
47368,这节奏对你耳朵调教 你嗨到咆哮,11.0
47369,LS2H在你耳边环绕,11.0
47370,Follow the movement 跟我们一起玩闹,11.0
47371,为山东说唱注入新的生命力,11.0
47372,So call me tiger 你可以肆意妄为当我沉睡,11.0
47373,我走过的街头 尖叫声有多少分贝,11.0
47374,LS2H my whole team打乱这排位,11.0
47375,hiphop in 中国山东正在崛起,11.0
47376,作为新生代的我们有太多需要学习,11.0
47377,ay 这是LS2H,11.0
47378,Represent山东,11.0
47379,身体那么热 赶快躲进空调里,11.0
47380,千万别生我的气 学好语文和地理,11.0
47381,真正能够给你看好病的只有你自己,11.0
47382,Ah 可能感觉有点让你害怕,11.0
47383,嫉妒就像你身后的backup,11.0
47384,转移注意力 假装还在打游戏,11.0
47385,在他耳边又在悄悄说着坏话,11.0
47386,你在圈子里面是否有着很多朋友,11.0
47387,过的比你好吧所以让你疼了很久,11.0
47388,当她发了短信说要就此与你分手,11.0
47389,世界不用你拯救 收起你的脱口秀,11.0
47390,果然不折不扣就是一个fake rapper,11.0
47391,杀了你的我的嫉妒心,11.0
47392,杀了你的我的嫉妒心,11.0
47393,嘿 名利都围在我周围,11.0
47394,把能力勾兑 要变强满足嫉妒心,11.0
47395,想杀我OK 技术欠佳用点心,11.0
47396,ye 眼睛里的捕食食物就是你,11.0
47397,把你 超越 后 吸收 精髓进入我身体,11.0
47398,坐在黑暗角落 红着眼的就是你,11.0
47399,虽然lazy 但是干起来很用心,11.0
47400,你眼睛红着 并且心里失去重心,11.0
47401,满脑子不切实际 想给自己镀金,11.0
47402,妒性很强 但是新歌都没录音,11.0
47403,little boy 失去了上劲就是废的,11.0
47404,不要对号入座 这段是说在下会玩,11.0
47405,不要担心我了 总有我自己的对策,11.0
47406,做好自己 并且保持work hard play hard,11.0
47407,杀了你的我的嫉妒心,11.0
52497,家人朋友自由快乐,11.0
52498,追求完美一起来着,11.0
52656,快笑一笑吧 哭多了真不好,11.0
52657,别被消极的情绪给误导,11.0
52658,快笑一笑吧 没什么大不了,11.0
52659,快来和我一起开心的胡闹,11.0
52660,快笑一笑吧 哭多了真不好,11.0
52661,别被消极的情绪给误导,11.0
52662,快笑一笑吧 没什么大不了,11.0
52663,快来和我一起开心的胡闹,11.0
52664,阳光总在风雨后那么我先走,11.0
52665,别怕大胆的向前总会有人伸手,11.0
52666,伪善的人躲在背后都想计算我,11.0
52667,总会发现在浮躁世界的避难所,11.0
52668,失眠在今夜 写下我心血,11.0
52669,一无所有幸好还有音乐,11.0
52670,不开心的事 全部都忘掉,11.0
52671,别胡思乱想 太多快睡觉,11.0
52672,深夜的月光撒在你身上 透过窗,11.0
52673,当然还有明天早晨温暖 的阳光,11.0
52674,生活有时难免会枯燥无趣,11.0
52675,总有办法保持乐观走下去,11.0
52676,写歌的时候没有灵感那么就停下,11.0
52677,感觉到累了那么就给自己放个假,11.0
52678,洗把脸敷面膜或者洗个澡,11.0
52679,没什么大不了一切都都好,11.0
52680,忘记那些夜晚偷偷抹掉的眼泪,11.0
52681,要记住你的水乳面霜真的好贵,11.0
52682,不开心就听歌或者打给小姐妹,11.0
52683,别再偷偷的难过别再偷偷憔悴,11.0
52684,让不愉快都变成手中的流沙,11.0
52685,那外面受了委屈那么就回家,11.0
52686,你一定没忘记妈妈煲的鸡汤,11.0
52687,要记得给她买几件好看衣裳,11.0
52688,我的心曾被你占有,11.0
52689,我也不知道他怎么就不知不觉跟你走,11.0
52690,情话太久没说If you don’t know I love you I love you,11.0
52691,如果有只鱼淹死在大海,11.0
52692,如果有一只大雁恐高,11.0
52693,如果所有基督徒都不相信爱,11.0
52694,我会和你一起终老,11.0
52695,如果太阳会撞上月亮,11.0
52696,如果抑郁症患者不绝望,11.0
52697,如果谁都可以轻易放下倔强,11.0
52698,那句祝你幸福能不能别讲,11.0
52699,如果全世界的人都死了你面前只剩我,11.0
52875,这个世界有太多的美好,11.0
52876,儿时的嬉闹和你的嘴角,11.0
52877,妈妈的味道时间在催老,11.0
52878,那就醉倒在我歌里微笑,11.0
52879,什么风格都能驾驭,11.0
52880,从new school到trap再到melody,11.0
52881,不管是晴天还是下雨,11.0
52882,写词做音乐永远都是我的energy,11.0
52883,听了这首歌是你和我的邂逅,11.0
52884,那就来让我帮你把生活结构,11.0
52885,从水深火热之中把你解救,11.0
52886,唯一的要求是跟上我节奏,11.0
52887,不管那些是非反正我都无所谓,11.0
52888,this is stz不在乎背后言语和戏剧做我热爱的从来不会犹豫,11.0
52889,从不介意吃亏人生路不分错对,11.0
52890,this is St.Z终将会拉开差距像鲨鱼不为名利只希望能得到肯定,11.0
52891,占领所有视线但依旧 independent,11.0
52892,我有一百种魔力让舞台为我沸腾,11.0
52893,这是Five Plus的时代属于新的generation,11.0
52894,感谢给我力量的fans每一次的hi five,11.0
52895,没经历我经历的别轻易叫我爆款,11.0
52896,不断耕耘收获只是right time,11.0
52897,看我如今覆盖的面积就像是wifi,11.0
52898,keep it real从没忘记保持我的率真,11.0
52899,Five Plus five加成让我永远靓一身,11.0
52900,不管什么风格都与我相衬,11.0
52901,识货的金主都因为我股价飙升,11.0
52902,whatever call me dramatic 的drama queen,11.0
52903,我依旧带着我romantic的dream,11.0
52904,重塑经典94年illmatic白金销量命,11.0
52905,带上我的homie去更遥远 never ever been,11.0
52906,音乐让我得到第二次的生命重生,11.0
52907,不断探索但永远像第一次般纯真,11.0
52908,不管什么头衔艺术家还是商人,11.0
52909,love n peace hiphop是我的明灯,11.0
52910,感谢所有的挫折 经历过的磨难,11.0
52911,我要拿回属于我的一切让你pay back,11.0
52912,这是属于我们的舞台我们的时代,11.0
52913,我的名字已经不需要tell all of y’all,11.0
52914,别再哈这个哈那个哈你们的China VA,11.0
52915,独一无二Five Plus style vibe,11.0
52916,带我带你一起fly like a G5,11.0
54501,别质疑自己,11.0
54502,别说你双眼缺少魅力,11.0
54503,在你眼中我看懂你的一切,11.0
54504,人总有缺点不要回避,11.0
54505,我被你不满意的细节吸引,11.0
54506,他们都说我的脸很小,11.0
54507,但我的眼还小过李荣浩,11.0
54508,缺点让我变得独一无二,11.0
54509,感谢你及时站在我眼前 Ye-yeah,11.0
54510,你不满意眉毛的长度,11.0
54511,你不满意鼻子的弧度,11.0
54512,不满意嘴角上翘的角度,11.0
54513,可改变这些之后还是会觉得孤独,11.0
54514,你讨厌你做事忘东忘西,11.0
54515,却忘了人生难得糊涂,11.0
54516,你讨厌该忘记时却想起,11.0
54517,总有些人和事不该说忘记就忘记,11.0
54518,有诸多的烦恼 在黑暗中不能自已,11.0
54519,可就算不被人看好 也要相信自己,11.0
54520,就像我很难成为行走的CD,11.0
54521,但我的歌一定会映射到你某部分记忆 YEAH,11.0
54522,感谢你及时站在我眼前 Ye-yeah,11.0
54572,酷的生活就要酷的过,11.0
54573,酷的女孩就是不讲理,11.0
54574,个性鲜明是我,11.0
54575,用饶舌接吻cool girl just like me,11.0
54576,我身体有温度,11.0
54577,龙骨山的天空,11.0
54578,雪地爱恨沉浮,11.0
54579,当我逐渐爬上来,11.0
54580,站上台火光四溅,11.0
54581,自我主见 保持清醒,11.0
54582,清醒头脑 目标出现,11.0
54583,我上山 下过海,11.0
54584,不服我 随便来,11.0
54585,老OG要搞独裁,11.0
54586,凭什么,11.0
54587,要新手只能写独白,11.0
54588,个人能力不出彩,11.0
54589,种种比赛 只能白来,11.0
54590,四个bar都写不完,11.0
54591,还说粉丝,11.0
54592,就喜欢这一款,11.0
54604,舞台上闪耀的光,11.0
54605,舞台下没来的慌,11.0
54606,我就想一颗快要萌芽的种子,11.0
54607,无意识的撞,11.0
54608,穿着衣 戴着帽,11.0
54609,这首歌的评论都在为我打call,11.0
54610,老司机快上道,11.0
54611,参加各种比赛,11.0
54612,赢得多方青睐,11.0
54613,陪伴我的不管我到哪儿,11.0
54614,一直都在,11.0
54615,酷的源泉,11.0
54616,来自一直都爱,11.0
54617,迪克牛仔写歌说,11.0
54618,放手去爱,11.0
54619,受委屈调整好心态,11.0
54620,因为要 一直都酷,11.0
54621,失恋了就赶紧放下,11.0
54622,因为要 一直都酷,11.0
54623,失败了就赶紧振作,11.0
54624,因为要 一直都酷,11.0
54625,没什么大不了的事,11.0
54626,因为我们要 酷,11.0
54627,女孩儿们想要我的wechat,11.0
54628,但是靠近我就危险,11.0
54629,不能让它们侵犯我身体,11.0
54630,要发出呐喊来捍卫自己,11.0
54631,必要时拿起手边的武器,11.0
54632,哪怕是支铅笔,11.0
54633,用劲扎入它们眼里,11.0
54634,妈妈说这世间太多恶魔,11.0
54635,却不会有贴身守护你的天使,11.0
54636,我的孩子,11.0
54637,要学会反抗和闪躲,11.0
54638,不能忍气吞声度日,11.0
54639,紧插蜀黍维护不了的正义,11.0
54640,别忘记要告诉爸爸妈妈,11.0
54641,当律法不再主持公义,11.0
54642,那我们要自己扮演蝙蝠侠,11.0
54643,原本五彩缤纷的花蕊,11.0
54644,一再被卑劣的园丁摧毁,11.0
54645,虹领巾惶皮肤的蓝天,11.0
54646,烈日当空却晒不死那群恶鬼,11.0
54647,都说人在做天在看,11.0
54648,却瞎了千千万双雪亮眼睛,11.0
54649,倾斜的天平不公的审判,11.0
54650,让我们活得如履薄冰,11.0
54651,想不到吧,11.0
54652,连牧羊犬会亲手,11.0
54653,把羊羔奉送给狼群,11.0
54654,再随便找条幼犬来替罪,11.0
54655,但它的胃口并没那么大,11.0
54656,你看遍地的骸骨啊,11.0
54657,岂止两只老虎能咽得下,11.0
54658,净睁眼说瞎话,11.0
54659,能把我们的歌都下架,11.0
54660,但不代表我们会害怕,11.0
54661,不能让它们侵犯我身体,11.0
54662,要发出呐喊来捍卫自己,11.0
54663,必要时拿起手边的武器,11.0
54664,哪怕是支铅笔,11.0
54665,用劲扎入它们眼里,11.0
54666,妈妈说如果我因捍卫正义而死去,11.0
54667,她一定会以我为荣,11.0
54668,人活着可以选择苟且偷生,11.0
54669,或在生命终点赢得尊重,11.0
54670,那些还没发生自己身上的痛,11.0
54671,可能会是不久将来降临的噩梦,11.0
54672,用沉默只能换取短暂的安全感,11.0
54673,冷眼旁观 形同帮凶,11.0
54674,敢不敢放胆和黑暗势力叫板,11.0
54675,其实每个人都可以当英雄,11.0
54676,如果十三亿人都是武松,11.0
54677,何必惧怕为祸人间那几条大虫,11.0
54678,如果每个媒体都是孙悟空,11.0
54679,足够让所有妖魔鬼怪原形毕露,11.0
54680,可它们却制造迷雾对真凶庇护,11.0
54681,再度助纣为虐加强施暴的力度,11.0
54682,用谎言虐杀真相搭起一座座坟墓,11.0
54683,结果真相惨不忍睹,11.0
54684,它们能控制我的言论,11.0
54685,可永远操纵不了我的灵魂,11.0
54686,它们能扼杀我的发声,11.0
54687,却灭不掉我们心中的共鸣,11.0
54688,朋友 希望你能站在这边,11.0
54689,趁天空还有一丝微亮,11.0
54690,至少为正确的事呐喊助威过,11.0
54691,才有底气对孩子说,11.0
54692,我是你的榜样,11.0
54693,不能让它们侵犯我身体,11.0
54694,要发出呐喊来捍卫自己,11.0
54695,必要时拿起手边的武器,11.0
54696,哪怕是支铅笔,11.0
54697,用劲扎入它们眼里,11.0
